-- phpMyAdmin SQL Dump
-- version 5.1.3
-- https://www.phpmyadmin.net/
--
-- Hôte : localhost
-- Généré le : sam. 18 mars 2023 à 11:24
-- Version du serveur : 5.7.32
-- Version de PHP : 8.0.0

SET SQL_MODE = "NO_AUTO_VALUE_ON_ZERO";
START TRANSACTION;
SET time_zone = "+00:00";


/*!40101 SET @OLD_CHARACTER_SET_CLIENT=@@CHARACTER_SET_CLIENT */;
/*!40101 SET @OLD_CHARACTER_SET_RESULTS=@@CHARACTER_SET_RESULTS */;
/*!40101 SET @OLD_COLLATION_CONNECTION=@@COLLATION_CONNECTION */;
/*!40101 SET NAMES utf8mb4 */;

--
-- Base de données : `squeletic`
--
CREATE DATABASE IF NOT EXISTS `festival` DEFAULT CHARACTER SET utf8 COLLATE utf8_general_ci;
USE `festival`;

-- --------------------------------------------------------

--
-- Structure de la table `artist`
--

CREATE TABLE `artist` (
  `id` int(11) NOT NULL,
  `first_name` varchar(64) COLLATE utf8mb4_unicode_ci NOT NULL,
  `last_name` varchar(64) COLLATE utf8mb4_unicode_ci NOT NULL,
  `birthdate` date DEFAULT NULL,
  `biography` longtext COLLATE utf8mb4_unicode_ci,
  `instrument` varchar(64) COLLATE utf8mb4_unicode_ci NOT NULL
) ENGINE=InnoDB DEFAULT CHARSET=utf8mb4 COLLATE=utf8mb4_unicode_ci;

--
-- Déchargement des données de la table `artist`
--

INSERT INTO `artist` (`id`, `first_name`, `last_name`, `birthdate`, `biography`, `instrument`) VALUES
(1621, 'Manley', 'Bruen', '1979-03-12', 'Cum similique voluptas illum pariatur consequatur quibusdam praesentium sed. Recusandae officia asperiores porro ad dolore labore. Ratione sit soluta deleniti est quia.', 'song'),
(1622, 'Larue', 'Lowe', '1986-03-16', 'Dolorem magnam omnis ut eveniet distinctio. Omnis eos tempore quod et aliquam esse. Eveniet et dolorem doloremque odio similique. Eaque vitae dicta culpa reprehenderit.', 'piono'),
(1623, 'Nickolas', 'Lubowitz', '1990-02-07', 'Eum labore eligendi omnis aut. Ab labore similique doloremque occaecati similique quidem. Non laudantium molestias tenetur blanditiis quas qui odio.', 'guitar'),
(1624, 'Rowan', 'Quitzon', '1982-08-15', 'Ut mollitia doloremque et itaque. Ut quam nobis nisi voluptatem fugiat. Adipisci dolor soluta ipsum et maxime nisi. Ducimus aut quod quos rerum ipsam occaecati quibusdam et.', 'song'),
(1625, 'Oda', 'Rau', '1979-07-14', 'Tempora sit ipsa officia quisquam. Assumenda sint quia dignissimos corporis sint. Consequuntur dolore sint cum dolor. Deserunt incidunt omnis commodi enim.', 'piono'),
(1626, 'Cleo', 'Kuhlman', '1999-10-02', 'Commodi consequuntur cum ut voluptatem ratione sunt. Voluptatum excepturi necessitatibus ab. Magni unde et et vitae consequuntur debitis distinctio expedita.', 'guitar'),
(1627, 'Dan', 'Sawayn', '1990-01-05', 'Iusto adipisci recusandae animi eius dolores. Odio ipsam sint unde consequatur quia voluptatibus. Deleniti consequatur minus dolore doloribus nulla nobis.', 'bass'),
(1628, 'Francis', 'Rolfson', '1965-09-22', 'Qui reprehenderit repellendus at sit iure. Qui reiciendis inventore eos dolorem voluptatem quam. Pariatur ipsum et id ut suscipit sunt saepe. Eaque nostrum eaque quasi velit autem minima iste.', 'song'),
(1629, 'Queen', 'Ledner', '1965-08-02', 'Id vel voluptate quo officia. Tenetur sit laudantium quibusdam et quis distinctio non.', 'song'),
(1630, 'Jamarcus', 'Walker', '1995-02-16', 'Eum vel nulla qui. Dolorem accusantium corrupti quaerat. Qui autem distinctio rerum necessitatibus autem veniam. Id qui hic sit dolorum.', 'piono'),
(1631, 'Frieda', 'Cole', '1977-02-12', 'Rerum nam dolorum assumenda sequi. Ad error earum sed sit. Dolorem quidem ipsum expedita occaecati qui.', 'bass'),
(1632, 'Abel', 'Lebsack', '1987-03-04', 'Eius sed quis et quia aut laudantium et. Ut in quo sunt non sit vitae eum tempore. Voluptate libero tenetur temporibus inventore. Beatae rem quisquam quaerat blanditiis accusamus non asperiores.', 'guitar'),
(1633, 'Johnnie', 'Stracke', '1990-12-08', 'Praesentium a a ut dicta et. Dicta qui assumenda non consequatur nobis amet. Non pariatur repellendus eveniet dolorem et et cumque. Inventore nobis et dolore consectetur rerum soluta saepe.', 'drums'),
(1634, 'Nathan', 'Rempel', '1963-06-25', 'Sapiente ea aliquid quaerat consequuntur eos. Tenetur aliquid numquam dolorem explicabo. Vero dolorem nisi ducimus corporis pariatur sit.', 'bass'),
(1635, 'Dominic', 'Treutel', '1964-06-09', 'Commodi magni eligendi modi earum enim ut. Libero voluptatem aut nihil iste cupiditate labore qui est. Neque iste praesentium occaecati.', 'drums'),
(1636, 'Harvey', 'Langosh', '1972-01-02', 'Nostrum delectus a nemo eum non animi. Molestias enim in dolorum eum reiciendis et. Explicabo vitae labore quia deleniti. Voluptatum optio hic quas hic error ad sit. Expedita enim est corrupti sint.', 'bass'),
(1637, 'Garth', 'Collier', '1971-01-05', 'Sint error aut vitae et atque odit qui. Omnis at itaque natus ipsa numquam sequi et id. Ipsa laboriosam eveniet quasi nesciunt temporibus perferendis corrupti.', 'bass'),
(1638, 'Ezra', 'Tromp', '1985-08-29', 'Quos et nobis vel est cumque. Maxime odio fugit dolorem quam repudiandae error rerum dolores.', 'drums'),
(1639, 'Jess', 'Konopelski', '1977-04-02', 'Atque et sunt nulla accusamus rerum. Rem dolor harum odio. Architecto nemo temporibus molestiae odit sit nostrum et. Voluptate incidunt illum deserunt rerum culpa ipsa.', 'song'),
(1640, 'Deontae', 'Lebsack', '1979-01-01', 'Et et optio aperiam asperiores mollitia. Atque dolor voluptas voluptas quia tenetur voluptatem. Alias atque molestiae non quia et iure illum molestiae. Sit excepturi et quam facilis in voluptas.', 'drums'),
(1641, 'Dejuan', 'Blanda', '1980-01-24', 'Reprehenderit ipsam dicta commodi suscipit maxime similique magnam. Nobis provident sed animi eaque. Qui numquam deserunt sed unde incidunt incidunt.', 'song'),
(1642, 'Marion', 'Buckridge', '1965-07-31', 'Aut libero a ut consequatur est. Dolores error id sit vitae est mollitia. Impedit earum laborum blanditiis nihil voluptatem vel. Magnam asperiores labore et eaque qui.', 'song'),
(1643, 'Ora', 'Zemlak', '1975-10-20', 'Aut illum corporis eos. Consequuntur ea aliquam veritatis rerum. Vero consequatur consectetur eos. Et expedita deleniti sed voluptatem.', 'guitar'),
(1644, 'Alysson', 'Weber', '1982-09-29', 'Atque non ea ut expedita ad est. Aut nulla repellendus dignissimos dolore perspiciatis natus quidem. Culpa et enim est provident id ut ut aut.', 'guitar'),
(1645, 'Shirley', 'Bednar', '1979-12-25', 'Est a non dolor repellendus. Rerum esse quibusdam eum vero consequatur. Fugit et molestiae velit vel optio.', 'song'),
(1646, 'Julien', 'Willms', '1978-05-04', 'Nostrum corporis delectus et atque tenetur quos. In iure quis ex delectus. Cupiditate dolorum vel deserunt fuga. Et odio distinctio vel itaque ab.', 'piono'),
(1647, 'Grace', 'Trantow', '1966-01-11', 'Fugiat nam fugit corrupti enim et tenetur vero. Unde deserunt blanditiis ex numquam molestiae. Dolor sed consequuntur reiciendis. Non eius autem perferendis sed.', 'piono'),
(1648, 'Okey', 'Dietrich', '1975-08-06', 'Voluptatem quo dolor beatae voluptas magni. Esse aliquid est asperiores suscipit totam culpa sint. Nisi et quo earum soluta assumenda quisquam et. Magnam delectus eos iste minima ut quis vero.', 'song'),
(1649, 'Isidro', 'Lesch', '1970-02-11', 'Ut ut necessitatibus accusamus repellendus nesciunt ullam consectetur unde. Aspernatur incidunt deleniti ut omnis. Ducimus dolorem libero voluptas qui sit quam omnis.', 'piono'),
(1650, 'Joanie', 'Shanahan', '2002-11-14', 'Doloremque aut magnam dolorum quas. Labore non nisi qui possimus.', 'piono'),
(1651, 'Kali', 'Heathcote', '1987-08-24', 'Itaque modi quod sapiente animi omnis officia et. Qui corporis consequatur repudiandae. Quibusdam quam et itaque aut.', 'song'),
(1652, 'Madisen', 'Gusikowski', '1984-01-28', 'Inventore incidunt nostrum possimus et eum quo magni. Et ut et doloremque temporibus distinctio velit iste quo. Delectus eligendi sapiente ut enim maxime vel exercitationem.', 'bass'),
(1653, 'Velva', 'Vandervort', '1982-09-17', 'Reprehenderit necessitatibus recusandae distinctio voluptate. Veniam consequatur dolorem eos.', 'song'),
(1654, 'Cristina', 'Haag', '1971-12-15', 'Quia similique inventore non sequi quia quasi. Quisquam sint dolore minus maxime.', 'song'),
(1655, 'Augustus', 'Goldner', '1996-03-17', 'Accusamus perferendis qui ipsa. Ut voluptatem illum qui facere ad. Dolor aut dignissimos eos quia recusandae rerum delectus molestiae.', 'song'),
(1656, 'Alexandro', 'Graham', '1994-06-15', 'Culpa ipsum at facere sed voluptatibus. Voluptas rem itaque qui molestiae quia. Qui qui ut autem. Culpa aut sit similique rem. Temporibus aut fugit quia possimus consectetur ut.', 'bass'),
(1657, 'Claud', 'Turner', '1966-07-27', 'Id magnam quia ea et ipsam placeat explicabo. Id dolor mollitia eius aliquid velit excepturi. Nesciunt soluta architecto neque.', 'piono'),
(1658, 'Claudia', 'Lowe', '1975-05-29', 'Labore maiores et harum asperiores. Beatae asperiores enim ratione adipisci. Sed exercitationem laboriosam quo ut sint mollitia voluptas. Perspiciatis adipisci nihil accusantium molestiae.', 'drums'),
(1659, 'Herbert', 'Ward', '1985-05-02', 'Aut error aut ullam sequi. Ut nulla eos quas ipsam. Aut consequatur eum quam accusamus provident sit cupiditate distinctio.', 'song'),
(1660, 'Sasha', 'Rogahn', '1998-02-06', 'Et ea aliquid sapiente ut ipsum aspernatur et. Eos est est voluptate quo eaque natus. Quia harum explicabo sequi tenetur ut at sunt.', 'bass'),
(1661, 'Maximus', 'Mueller', '1989-07-07', 'Quia nisi eum delectus non. Nihil corrupti qui est nisi qui. Cupiditate tenetur aut aut.', 'bass'),
(1662, 'Marian', 'Runolfsdottir', '1965-09-20', 'Excepturi totam quam aut necessitatibus dolor tempore. Beatae est ratione consectetur debitis. Dolores aspernatur et voluptas. Quae mollitia a asperiores et quo.', 'drums'),
(1663, 'Enola', 'Pouros', '1976-12-25', 'Quia blanditiis at ipsam ut fuga nemo. Voluptatem vel eius maiores quas iure. Voluptatum illo ipsam ab ratione iure voluptatem. Ut nesciunt nobis labore sint eius ipsam voluptatibus.', 'bass'),
(1664, 'Jasen', 'Lebsack', '1979-12-03', 'Minima corrupti in quam earum tenetur. Ea maiores sunt eveniet. Aperiam numquam magnam voluptatem tempore maiores quis ea. Voluptate alias minus rem et.', 'piono'),
(1665, 'Colton', 'Reichel', '1988-01-04', 'Velit aut dolores sit. Similique ex sunt maiores ut. Maiores minus perferendis qui ratione ut et fuga ipsa.', 'bass'),
(1666, 'Peggie', 'Haag', '2001-06-24', 'Hic sunt ipsa iure adipisci magnam exercitationem. Neque cumque id dolorem. Voluptates quo ea qui ut beatae qui. Ut est quia et ratione. Atque qui odit commodi molestiae praesentium est sit.', 'piono'),
(1667, 'Cassidy', 'Reinger', '1999-10-07', 'Nisi hic consequatur ex deleniti mollitia eaque. Laborum dolorem sunt cumque. Nemo eos similique aperiam debitis molestias.', 'bass'),
(1668, 'Kraig', 'Heathcote', '1982-01-01', 'In quidem dolorem rem et. Itaque quam doloribus molestiae earum consequatur exercitationem. Dolorum ducimus eius rem ut omnis dolores quo. At voluptatibus necessitatibus voluptatem consequatur.', 'drums'),
(1669, 'Ceasar', 'Roberts', '1975-04-20', 'Et atque quis nam non. Omnis eum fuga vitae eum officia veniam. Ea rem autem blanditiis. Distinctio corrupti voluptate nisi. Labore quasi sunt est aut harum ut.', 'guitar'),
(1670, 'Margarett', 'Baumbach', '1983-10-24', 'Ex aspernatur magnam nulla veritatis hic. Amet dolorem eos debitis ad et eaque ratione soluta. Temporibus aperiam eaque rerum eum minima repellat enim. Dolor dicta quibusdam in reprehenderit.', 'piono'),
(1671, 'Braulio', 'King', '1967-06-05', 'Nulla iusto consequatur est nihil possimus molestias. Consequatur quasi ut laboriosam sed praesentium. Molestiae et quaerat aspernatur repellendus aspernatur. Est sint reiciendis quidem sit.', 'song'),
(1672, 'Ward', 'Stehr', '1986-02-02', 'Voluptas quia quia alias aut est. Sint officiis voluptatem temporibus facilis magnam. Repellendus aut quam quae illo ea sunt animi id. Asperiores et laboriosam sit.', 'piono'),
(1673, 'Gail', 'Parisian', '2003-01-24', 'Ea voluptas quas qui aut distinctio magnam repellendus. Officia aut occaecati eum ipsum dolor natus. Natus dicta accusantium ex molestiae non quia omnis. Aperiam laudantium officiis dolorum.', 'guitar'),
(1674, 'Nayeli', 'Emmerich', '1968-06-24', 'Quam dolor ratione optio explicabo quaerat. Exercitationem aut delectus recusandae qui saepe. Eos tempore vel sunt aliquam sint quisquam.', 'guitar'),
(1675, 'Kavon', 'Kuhic', '1994-01-26', 'Et deleniti occaecati itaque et est qui. Molestias maiores ullam perspiciatis. Aperiam aut itaque perferendis aut explicabo illo veritatis. Qui molestias quo nostrum.', 'song'),
(1676, 'Mack', 'Dare', '1985-11-01', 'Sapiente eos similique voluptas ex. Veniam facilis ab voluptatem quas maiores possimus. In consequatur odit quod modi rem laborum ad.', 'guitar'),
(1677, 'Muriel', 'Champlin', '1970-10-15', 'Debitis amet vero quia porro. Rerum atque dolorem ipsam sapiente et dicta dignissimos.', 'bass'),
(1678, 'Salvatore', 'Moen', '1968-06-03', 'Autem iusto deserunt et quia ducimus omnis sint. Odit laboriosam et expedita harum. Minima laborum modi velit sit error ut cum quia.', 'guitar'),
(1679, 'Jairo', 'Shields', '1963-06-20', 'Asperiores sed eum qui iure dolor. Dolorem odio quia dolores perferendis ea quam unde non. Error laborum repellat et cum.', 'bass'),
(1680, 'Lilyan', 'Rath', '1963-05-13', 'Iure hic porro voluptas at harum. Natus qui aut enim est molestias eum. Molestiae aut dolorem autem dignissimos molestiae perferendis.', 'song'),
(1681, 'Branson', 'Stokes', '1965-05-16', 'Ea ut aliquid maxime ea nulla eveniet magnam sit. Adipisci rerum ipsa molestias veniam omnis. Dolorem et veniam iste ratione iure quod.', 'drums'),
(1682, 'Caroline', 'Parker', '1998-09-04', 'Unde dolores et quis ducimus. Debitis non quaerat officiis vel est dolor. Amet asperiores nesciunt consequatur aliquid pariatur.', 'drums'),
(1683, 'Annie', 'Kuphal', '1979-06-16', 'Minima rerum quas tenetur molestias. A ut eos enim autem reprehenderit quia esse. Perferendis sapiente accusamus laborum perferendis vitae odio.', 'piono'),
(1684, 'Martin', 'Ondricka', '1999-04-12', 'Id sunt est sint necessitatibus. Voluptatibus ab et illo blanditiis doloribus. Quia nesciunt eligendi distinctio doloremque dignissimos id. Voluptate labore dolores qui. Ab quia ex sed.', 'song'),
(1685, 'Susie', 'Yundt', '2001-06-21', 'Est fugiat voluptatibus voluptatum voluptatem tempora consequatur. Ex quia doloribus aut molestias repellat.', 'bass'),
(1686, 'Orrin', 'Hirthe', '1986-06-17', 'Sit et aut molestiae aliquid. Ea quos recusandae sequi quia illo quia. Minus mollitia reiciendis tempore quo. Minima qui officiis rem et.', 'bass'),
(1687, 'Nathaniel', 'Batz', '1972-09-06', 'Accusantium id facere et vero quo. Fuga et temporibus eligendi dolores qui. Sed voluptatem eveniet voluptates. Quo sequi tenetur sit commodi.', 'song'),
(1688, 'Stacey', 'D\'Amore', '1963-09-15', 'Assumenda quidem et et enim ullam veritatis. Nulla et quisquam quia aut ad. Doloribus aspernatur corrupti et tempora est nihil est. Error ipsa doloremque nisi.', 'song'),
(1689, 'Julianne', 'Turcotte', '1974-05-19', 'Mollitia libero sed et quia. Doloremque aperiam veritatis alias et ut. Fuga vel ducimus quisquam voluptatem saepe aut ab.', 'bass'),
(1690, 'Ludwig', 'Fisher', '1983-04-01', 'Quo libero dolores dolor optio. Eum exercitationem libero velit doloremque modi. Et quo voluptate excepturi ut dolorum fuga expedita.', 'song'),
(1691, 'Ernestina', 'Cole', '1966-01-31', 'Iste doloremque eaque est corrupti quibusdam error nemo. Hic vero provident consequatur ipsam numquam dolorum ea. Nemo minus soluta autem at asperiores nam. Magnam iure corrupti occaecati ut non.', 'bass'),
(1692, 'Ollie', 'Watsica', '1971-08-06', 'Et expedita doloribus occaecati minus dignissimos. Nulla aspernatur ipsam ea voluptatem rerum est. Et sunt voluptates aliquam repellat qui nemo.', 'song'),
(1693, 'Kassandra', 'Labadie', '1987-11-20', 'Aut quia et quidem repellat et eius. Debitis nesciunt nam et ad nesciunt nam. Error aspernatur voluptas voluptate et esse. Et possimus vel dolorem repellat natus.', 'bass'),
(1694, 'Alexanne', 'Dickens', '1966-08-23', 'Illo et iste velit. Et perferendis et nam natus voluptatem ut. Accusamus sit quos minima nihil quasi consectetur. Eum molestias omnis at voluptas qui optio.', 'guitar'),
(1695, 'Bertha', 'Cronin', '1972-05-31', 'Incidunt aperiam dolore dolor consequatur corrupti autem tenetur. Magni eaque quia assumenda voluptatem. Ea molestias omnis animi ullam.', 'piono'),
(1696, 'Jermain', 'Stroman', '1973-02-18', 'Inventore molestias rerum voluptatibus qui dolores eum. Ut nulla aperiam quisquam enim eum ea. Eveniet eum cumque voluptatum aspernatur.', 'guitar'),
(1697, 'Mabel', 'Schiller', '1979-02-09', 'Asperiores aspernatur et nemo aut cum rem. Illo sed maiores ea cupiditate quidem.', 'drums'),
(1698, 'Cristal', 'Klocko', '1980-12-21', 'Mollitia velit quos dolor aliquid nobis dolores velit. Ipsam eveniet et earum ut sed consequatur dolorem sed. Harum ut est sed praesentium quisquam.', 'piono'),
(1699, 'Yessenia', 'Dickens', '1973-09-24', 'Voluptas repellat iste ut non possimus laudantium praesentium. Consectetur facere aut ipsum dolorem. Doloremque voluptates id quisquam. Et earum aut sed repellendus incidunt nulla cumque.', 'guitar'),
(1700, 'Bianka', 'Denesik', '1975-06-23', 'Maxime neque molestias quisquam voluptate ratione provident. Quia doloremque illo asperiores molestiae tempora. Ab aspernatur eos saepe non cum quia. Laboriosam sit voluptatem dolorem ut quia aut.', 'drums'),
(1701, 'Frederique', 'Sauer', '2000-09-05', 'Qui quaerat magnam repellendus accusantium. Dolorum blanditiis voluptatibus facilis aperiam. Temporibus qui qui quo.', 'piono'),
(1702, 'Kendall', 'Stanton', '1991-02-24', 'Illum error et ullam mollitia. Omnis itaque enim et quam. Occaecati iusto voluptatem hic dolor. Qui et nesciunt nemo ullam nemo assumenda omnis.', 'piono'),
(1703, 'Antonetta', 'Gibson', '1970-10-07', 'Corporis totam at eos. Rerum ut ex molestiae molestias ducimus consequatur. Est quia voluptas necessitatibus. Officia nihil voluptate commodi non eos dignissimos animi.', 'drums'),
(1704, 'Marina', 'Romaguera', '1978-11-20', 'Nesciunt dolorem assumenda voluptatem dolores et maiores necessitatibus. Ut harum sint suscipit minus facere. Aut facere fugit non beatae autem.', 'guitar'),
(1705, 'Simone', 'Hickle', '2001-02-06', 'Amet alias dolores eaque laborum excepturi nostrum. Recusandae quasi est atque modi. Quo molestiae deserunt quas est.', 'song'),
(1706, 'Allie', 'Romaguera', '1980-02-01', 'Aut assumenda voluptas et qui. Quisquam et omnis et. Dolorum qui et omnis quidem rerum inventore assumenda.', 'guitar'),
(1707, 'Keenan', 'Dickinson', '1968-10-20', 'Veritatis voluptas quia omnis et. Voluptatem omnis magnam voluptates. Minus doloremque dignissimos consequatur quo enim aut.', 'song'),
(1708, 'Luther', 'Heathcote', '1971-07-29', 'Quia nesciunt et necessitatibus quis quidem quisquam cumque debitis. Inventore magnam ea voluptatem autem omnis.', 'song'),
(1709, 'Ada', 'Pagac', '1995-08-22', 'Soluta nihil assumenda omnis repellat sunt ad quo. Neque enim in veritatis id id facere quasi ullam. Illo ab reiciendis voluptatem harum.', 'guitar'),
(1710, 'Jesse', 'Jacobi', '1974-02-11', 'Aliquam maxime amet ut totam laudantium ut accusamus. Vitae voluptas ipsum consequatur beatae dolorem et omnis. Et eius autem aut beatae provident. Quisquam explicabo aliquam ad vitae rem fuga.', 'guitar'),
(1711, 'Pauline', 'Johnston', '1984-06-02', 'Reprehenderit enim et alias ullam. Voluptatem incidunt non dignissimos non qui. Consequatur nisi nobis dicta minima iusto quae. Alias aut ut ut.', 'guitar'),
(1712, 'Nina', 'Goldner', '1997-10-09', 'Rerum totam non officia reiciendis eos. Consequatur excepturi omnis fugit. Fugit vel sapiente distinctio quis et et. Eligendi et id possimus sit nemo quia.', 'bass'),
(1713, 'Melyna', 'Quitzon', '1964-12-07', 'Non in omnis autem. Nulla quod et omnis molestiae vitae qui. Nemo deleniti vitae nemo dolor dolore ipsam consequatur. Sed fuga nulla molestiae impedit voluptatem neque maxime.', 'guitar'),
(1714, 'Trevor', 'Farrell', '1986-08-06', 'Officia minima optio sed repellat molestiae. Sunt expedita et voluptatem quas. Dolorem voluptas veniam recusandae expedita quas et ut. Aut itaque mollitia qui tempora sapiente.', 'song'),
(1715, 'Rene', 'Price', '1992-03-21', 'Vel cum pariatur ut dolores ut ab. Necessitatibus quia facilis aliquid numquam. Corporis assumenda est delectus ea aut ab repellat quod. Dignissimos similique qui ut incidunt asperiores in.', 'guitar'),
(1716, 'Giovanna', 'Schulist', '1995-01-12', 'Adipisci non nostrum cumque consequatur. Nesciunt nobis cupiditate quae unde. Omnis voluptatem ea quae. Ut et ut quisquam adipisci.', 'song'),
(1717, 'Kenna', 'Crona', '1976-10-04', 'Numquam et odio maiores. Incidunt quis in ad recusandae debitis magnam. Cupiditate sunt laboriosam facilis optio accusamus maiores. Eos inventore sed necessitatibus ex molestiae.', 'song'),
(1718, 'Rylee', 'Kiehn', '1976-06-10', 'Distinctio possimus dolore pariatur nam enim voluptatem. Et cum consequatur sequi quam error est. Hic provident rerum quidem ipsum cum. Cumque ut architecto nulla.', 'piono'),
(1719, 'Deron', 'Dicki', '1972-02-08', 'Magni quas quia magnam porro omnis sequi. Ea eaque corrupti fugit vel. Voluptatem laboriosam quia repellat commodi.', 'song'),
(1720, 'Giovanni', 'Larkin', '2000-01-05', 'Exercitationem qui qui aliquam voluptas. Ut totam et alias facilis tempora. Rem quos reiciendis sit ut pariatur harum ab.', 'song'),
(1721, 'Juliana', 'Schmidt', '1973-02-08', 'Aliquam aut itaque non unde. Necessitatibus magnam quis odit corrupti. Laboriosam aperiam commodi dolorem et laboriosam temporibus quaerat. Nihil vel voluptates sed quod necessitatibus.', 'song'),
(1722, 'Nola', 'Beahan', '1973-08-06', 'Sunt eum aut amet nostrum suscipit ipsam minus. Amet quis nesciunt et ab nisi voluptas. Facilis labore ut voluptatibus atque laudantium. Dolore et nihil quibusdam molestias.', 'piono'),
(1723, 'Carmella', 'Fisher', '1973-06-28', 'Sunt ab ratione non iure deserunt. Placeat eaque vel et qui. Harum quasi quo alias rerum atque voluptas. Magni quis id praesentium repellat et.', 'bass'),
(1724, 'Joana', 'Pagac', '1972-02-02', 'Aliquam cupiditate sit labore sed aut vel. Neque nihil aut nihil labore aut ea tempore accusantium. Voluptas voluptatum sed dolores quas voluptas necessitatibus qui.', 'bass'),
(1725, 'Alek', 'Hermiston', '2000-07-14', 'Fuga repellendus amet maiores quam iure magnam. Nostrum excepturi magni voluptatum veritatis vitae. Laborum et harum labore tempore. Voluptatem quia id sed et.', 'guitar'),
(1726, 'Brandi', 'Abernathy', '1987-07-19', 'Omnis asperiores eveniet ut cumque. Quasi quia doloremque iusto et qui et omnis ipsum. Non aliquam maiores aperiam ad at odit consequatur.', 'drums'),
(1727, 'Zita', 'Goldner', '2002-09-18', 'Reprehenderit consequatur itaque praesentium voluptatem unde. Culpa perspiciatis optio facere qui. Explicabo est corrupti quasi reprehenderit.', 'bass'),
(1728, 'June', 'Kohler', '2002-05-02', 'Exercitationem laborum voluptatibus fugit sunt. Et quia eum ullam dolorum est. Omnis eum culpa nobis eum. Minima aut amet tempora ea quas. Placeat qui repellendus commodi. Est in sunt ex autem.', 'guitar'),
(1729, 'Luz', 'Graham', '1977-03-18', 'Quo fugit accusantium quam. Adipisci ex non laboriosam quas ipsa veniam. Velit corrupti et placeat laboriosam. Consequuntur non rem officiis ut facilis eum.', 'bass'),
(1730, 'Fleta', 'Walter', '1986-05-20', 'Sint sit aspernatur harum quae iure. Minus dolorem quia et aliquam rerum labore labore ullam. Voluptatem debitis ut a harum qui itaque.', 'bass'),
(1731, 'Julio', 'Dibbert', '1968-12-18', 'Dolore tempora et in dolores necessitatibus. Aut ratione ut possimus voluptatum et. Aut optio commodi in temporibus.', 'drums'),
(1732, 'Breanna', 'Larson', '1964-09-19', 'Quidem similique exercitationem ut officiis officia. Quos quos aut nihil dolor nihil. Nesciunt sed enim est assumenda maxime.', 'piono'),
(1733, 'Darrick', 'Osinski', '1982-03-28', 'Beatae asperiores aliquam maiores saepe perferendis dolorum error odit. Magni accusantium corrupti voluptas id voluptatem est.', 'piono'),
(1734, 'Lorine', 'Watsica', '1976-11-14', 'Velit voluptatem aliquam qui molestiae consectetur. Voluptates eius enim placeat culpa sunt unde consequatur. Ut labore omnis quia repellendus alias nulla ab.', 'drums'),
(1735, 'Amira', 'Cremin', '1984-12-31', 'Beatae exercitationem placeat aut. Non et officiis officiis ut. Aut ut quam inventore totam. Voluptatum ut animi eius aut alias ratione.', 'drums'),
(1736, 'Gwen', 'Rice', '1965-06-16', 'Qui voluptatem labore nihil repellendus. Mollitia et occaecati est eos aut quibusdam aut sed. Maxime aut quia nemo cumque minima. Quibusdam sit maxime omnis autem.', 'piono'),
(1737, 'Rick', 'Stracke', '1998-09-21', 'Nostrum modi vel voluptatem dicta quis voluptas sint corporis. Repudiandae beatae voluptas voluptatem autem. Error quia ab accusantium tenetur odio.', 'song'),
(1738, 'Jade', 'Zieme', '1965-07-06', 'Et eveniet enim doloribus vel nulla. Id nostrum incidunt iusto sint nostrum minus quas. Occaecati vitae doloribus numquam facere inventore modi.', 'bass'),
(1739, 'Tyshawn', 'Considine', '1964-06-19', 'Quod beatae quis molestiae architecto. Magnam laudantium culpa excepturi sunt eum. Iusto et autem nesciunt. Eos minima accusamus nihil necessitatibus. Autem libero enim earum molestiae.', 'song'),
(1740, 'Vicky', 'Morar', '1970-10-29', 'Deserunt ipsa ut soluta hic consequatur. Sed aliquid dolore aut nemo. Impedit soluta vel libero quibusdam voluptas ullam quaerat.', 'song'),
(1741, 'Walton', 'Larson', '1995-05-04', 'Et ipsam a consequatur qui laudantium sed. Exercitationem nisi sit dolorem. Consequatur porro ullam est mollitia minus commodi deserunt.', 'drums'),
(1742, 'Cyrus', 'Toy', '1987-07-13', 'Neque aut magnam nam sit voluptatem est. Non repellendus pariatur expedita accusamus sunt ut. Pariatur a beatae et quidem nihil.', 'bass'),
(1743, 'Iva', 'Kris', '1988-03-17', 'Vel voluptas quo dolorem qui qui qui. A est quo blanditiis eos qui ut ea sint.', 'piono'),
(1744, 'Abraham', 'Romaguera', '2000-01-30', 'Consequatur voluptatem nemo veniam. Explicabo earum et doloribus non. Et quia aperiam aut voluptatum.', 'piono'),
(1745, 'Heloise', 'Stark', '1975-07-08', 'Et similique qui quasi voluptate dolorum voluptas laborum. Voluptate officia labore illum dolor reprehenderit eos. Sit atque dolores ducimus atque. In iure magnam quia explicabo.', 'guitar'),
(1746, 'Jarrell', 'Schuster', '1963-09-12', 'Quidem non praesentium officia ratione ea. Dolores perferendis nam veritatis. Natus dolores doloribus numquam accusamus vitae ratione. Dolor ut doloremque animi.', 'drums'),
(1747, 'Audreanne', 'McGlynn', '1982-11-23', 'Odio et veritatis quam reiciendis maiores. Rerum veritatis quia reiciendis aut nobis non fuga. Necessitatibus nihil velit enim inventore velit. Voluptas quis nostrum architecto est sed porro.', 'song'),
(1748, 'Sallie', 'Buckridge', '1986-10-13', 'Voluptatem sed et deserunt et aut voluptatum. Ea quisquam eaque et. Omnis dolore neque delectus est in minus qui.', 'piono'),
(1749, 'Virginia', 'Mayer', '1988-09-04', 'Quis enim aut et pariatur sit. Quo dignissimos qui nemo praesentium neque. Pariatur ut enim inventore hic hic possimus recusandae officia. Ea maxime ad culpa asperiores.', 'bass'),
(1750, 'Christian', 'Graham', '1964-07-11', 'Aliquam dicta expedita aspernatur non ratione enim eveniet quis. Beatae et magni rem aliquam nisi dicta. Eos suscipit rerum similique.', 'drums'),
(1751, 'Elena', 'Luettgen', '1993-10-19', 'Numquam vel magnam ipsa. Explicabo rem rerum accusamus nemo ea occaecati. Commodi labore nam ut molestiae. Alias temporibus explicabo tempora molestias fugiat ut amet.', 'piono'),
(1752, 'Kari', 'Wisoky', '1995-09-24', 'Aspernatur minima sunt sed culpa. Iure non autem qui. Architecto dolorem esse perspiciatis porro omnis dolorem quae.', 'piono'),
(1753, 'Raphaelle', 'Dicki', '1972-01-20', 'Totam dolores quidem quo. Rerum veritatis amet magni totam labore culpa. Quos voluptatum deleniti deserunt et facilis modi. Eos qui quis doloremque inventore dicta iure officia.', 'song'),
(1754, 'Rita', 'Dietrich', '1983-01-19', 'Expedita illo eveniet vel impedit illo voluptatum. Nesciunt rerum nisi perferendis consequatur harum pariatur officiis. Odit voluptas eos repellat.', 'guitar'),
(1755, 'Christop', 'Connelly', '2001-06-10', 'Ullam ab laborum possimus porro assumenda sed mollitia ut. Est veniam cupiditate sed doloremque. Rerum adipisci dolor porro eum illum.', 'guitar'),
(1756, 'Doyle', 'Stroman', '1973-12-14', 'Dolores at qui quaerat illum debitis architecto provident. Vitae ut et et sequi odit.', 'piono'),
(1757, 'Kianna', 'Kilback', '1994-08-17', 'Saepe vel qui vitae dolor. Consequuntur et nihil deserunt nemo voluptatem officia consequuntur. Ut enim aut quasi perspiciatis.', 'song'),
(1758, 'Eloise', 'Runolfsson', '1987-03-21', 'Veritatis quod non qui aut. Porro odit architecto iste ipsum necessitatibus voluptatem. Ea nam fugit sunt nisi autem. Consequatur consequatur consequatur sint consequuntur pariatur.', 'drums'),
(1759, 'Emily', 'Stanton', '2000-05-05', 'Non veritatis quisquam porro architecto. Cumque aut doloribus ad eligendi in. Aut ut qui at provident omnis numquam ea.', 'drums'),
(1760, 'Kenton', 'Cormier', '1973-10-20', 'Veritatis sit unde vel nobis non exercitationem modi. Eos distinctio esse nemo asperiores nostrum esse laborum. Accusamus numquam ad omnis et necessitatibus.', 'guitar'),
(1761, 'Blair', 'Hill', '1970-08-22', 'Consectetur quia est corporis alias repudiandae quo sed. Vero quaerat qui alias harum est. Dolorum minus nesciunt consectetur est quidem.', 'song'),
(1762, 'Keyshawn', 'Schuster', '1983-11-30', 'Eaque cupiditate dolores voluptas maxime atque magnam quam. Voluptatum ad voluptas quod ut aut qui aliquam enim. Pariatur ut iste quasi dolores ut.', 'guitar'),
(1763, 'Vella', 'Farrell', '2002-06-13', 'Non minima officia porro eum aut modi qui. Id beatae iure blanditiis ratione harum.', 'piono'),
(1764, 'Vito', 'Graham', '1990-03-26', 'Id alias doloremque dolorum saepe deserunt. Ratione dolore saepe ipsa omnis. Aut sed molestiae quia neque magni.', 'bass'),
(1765, 'Hubert', 'Huels', '1991-01-05', 'Velit illum qui et alias fuga. Tempore saepe accusantium nam quis. Qui laborum quis et aut deleniti debitis rerum. Eveniet non natus quia autem ut.', 'piono'),
(1766, 'Marcus', 'Wehner', '1985-09-23', 'Omnis et dolorem similique. Consequatur blanditiis maxime quia consectetur. Aperiam pariatur est modi quidem.', 'song'),
(1767, 'Audie', 'Franecki', '1981-03-22', 'Ea placeat nam numquam odit magnam. Nemo itaque eum vel ut qui sint. Officia cumque animi quisquam quia.', 'guitar'),
(1768, 'Claud', 'Kling', '1996-11-20', 'Nulla eum nesciunt maiores architecto voluptatibus omnis autem. Porro reprehenderit blanditiis provident vel voluptatem. Quas numquam consequatur exercitationem.', 'piono'),
(1769, 'Catalina', 'Shanahan', '1963-07-19', 'Consequatur et dolorem sed in. Et totam debitis delectus necessitatibus sit. Quo eos ad soluta velit.', 'piono'),
(1770, 'Carol', 'Jast', '1989-09-10', 'Esse ipsam sit qui doloribus est. Vero et laudantium sed temporibus qui at rerum. Commodi culpa illum voluptatem quibusdam ut est quia voluptas. Officiis consequatur illo est aliquid reiciendis.', 'drums'),
(1771, 'Stephon', 'Howell', '1966-06-11', 'Qui nam ad corporis exercitationem sed. Culpa nisi hic in odit et sint iure. Cum autem excepturi aut sed suscipit. Commodi dicta laboriosam facere repellat.', 'guitar'),
(1772, 'Eliseo', 'Lubowitz', '1989-03-25', 'Occaecati odit et sed iure earum voluptatem. Non laudantium voluptatibus recusandae ipsa unde fugiat ut. Quo hic ea qui voluptatem aut dolorem.', 'song'),
(1773, 'Henry', 'Spinka', '1999-04-08', 'Fugiat omnis et assumenda voluptate impedit ratione voluptatem quas. Laborum cum in accusantium vel veritatis. Et esse aspernatur facilis sequi quod. Deleniti soluta aut omnis.', 'drums'),
(1774, 'Maude', 'Dietrich', '1980-03-20', 'Ullam debitis aut qui. Maxime repellat expedita consequuntur. Officiis qui unde a delectus voluptas harum animi.', 'bass'),
(1775, 'Roman', 'Mayert', '1981-12-08', 'Nostrum accusamus nostrum deserunt unde. Rerum dolores molestias voluptas voluptas est. Laudantium incidunt incidunt provident dolore et. Magni sequi aut id dolor dolorum.', 'song'),
(1776, 'Aric', 'Kuphal', '1970-07-27', 'Molestias voluptatum veniam molestiae nemo. Sint reiciendis necessitatibus ex animi quaerat. Excepturi dolores ut consequuntur quibusdam.', 'song'),
(1777, 'Mortimer', 'Yundt', '1989-01-31', 'Expedita et quaerat sequi omnis vel porro qui. Suscipit reiciendis numquam quidem rerum quisquam. Velit fuga explicabo suscipit ea vel.', 'guitar'),
(1778, 'Adelle', 'Kreiger', '1993-04-06', 'Sit blanditiis et corporis quos. Consequatur quia sit quis quibusdam repellendus voluptate. Dignissimos consequatur fugit tempora consequuntur nulla optio dicta. Placeat laboriosam ut velit.', 'drums'),
(1779, 'Cora', 'Mann', '1997-01-01', 'Occaecati quibusdam temporibus ipsam aut. Corrupti velit rem et assumenda velit cum laborum iste. Voluptas nemo doloremque voluptatem. Omnis voluptas et sed iusto nisi et et vitae.', 'piono'),
(1780, 'Nickolas', 'Russel', '1978-09-07', 'Molestiae ea voluptatem et eum et consequatur. Ipsa sunt perferendis ad commodi debitis qui. Cupiditate vitae ut excepturi rerum reiciendis qui. Nihil cumque velit ipsum itaque sint est.', 'song'),
(1781, 'Zita', 'Hill', '1986-04-28', 'Ut aliquam totam iure quis et provident. Temporibus saepe quae similique quidem. Et ut sit qui illo qui quos ea.', 'bass'),
(1782, 'Rudolph', 'Dibbert', '2000-01-21', 'Qui et quasi totam a. Ut tempora perferendis ut voluptatum tempora. Sed dolore reiciendis sint.', 'piono'),
(1783, 'Janie', 'Huel', '2001-12-10', 'Nemo culpa molestias quo quod. Quia est maxime quod est a vitae. Vero illum velit quis vitae et.', 'piono'),
(1784, 'Kelton', 'Collins', '1979-08-15', 'Numquam eum placeat maxime temporibus. Facere harum quod totam iure vel.', 'piono'),
(1785, 'Mallory', 'Rodriguez', '1978-05-19', 'Aut ex et reiciendis sed. Saepe aliquam veniam quia et autem occaecati rerum. Quas laudantium ab facere eligendi ut.', 'song'),
(1786, 'Amara', 'Torp', '1981-06-01', 'Voluptate incidunt sed et iste atque sed rerum. Commodi voluptatem dolorum enim praesentium culpa. Dicta hic at molestias dolor officiis omnis.', 'piono'),
(1787, 'Jermain', 'Runolfsdottir', '1986-03-12', 'Cum rerum et qui voluptatem maxime. Voluptatem commodi qui ut esse deserunt. Eaque quod aut nisi nam nulla.', 'bass'),
(1788, 'Sylvester', 'Rempel', '1964-06-03', 'Laudantium aut ab aliquid molestias ipsa. Aliquam quo quaerat adipisci neque illo itaque. Quae quidem quibusdam blanditiis in placeat aut molestias architecto.', 'bass'),
(1789, 'Freda', 'Barrows', '1994-08-24', 'Qui ducimus temporibus porro maxime dolor quos. Rem ut qui necessitatibus distinctio. Dolorum et voluptatem quam odit. Rerum omnis laudantium non excepturi.', 'bass'),
(1790, 'Hobart', 'Leuschke', '1991-01-27', 'Blanditiis alias doloremque dolore et sit ut. Natus totam corrupti voluptas provident et cumque. In qui et quas perferendis.', 'drums'),
(1791, 'Tianna', 'Blanda', '1975-09-14', 'Fugit officiis consequuntur dolorem consequatur et dolores. Enim sapiente consequuntur dignissimos ut minus harum et. Placeat officia libero qui nihil qui.', 'song'),
(1792, 'Josh', 'Lehner', '1967-06-13', 'Qui voluptatem aut et numquam nihil quis. Dolores voluptate enim omnis. Aspernatur praesentium et ad velit sed. Totam praesentium at eligendi.', 'bass'),
(1793, 'Amina', 'Stokes', '1992-01-21', 'Similique laboriosam voluptatem est itaque ipsa explicabo. Ad laudantium eos quia. Suscipit vel unde et aut et.', 'guitar'),
(1794, 'Theo', 'Marks', '1987-03-28', 'Qui amet veniam magni. Molestiae quaerat qui iste non. Ea impedit mollitia repudiandae iusto. Omnis temporibus recusandae quidem et consequatur distinctio est.', 'drums'),
(1795, 'Raven', 'Trantow', '1991-04-19', 'Aut enim quia possimus illo. Aut quod dolorum unde quas quia illo. Quos quo eligendi nulla in quidem aspernatur magni rem. Iure voluptas autem harum magni dolor sapiente ipsa.', 'piono'),
(1796, 'Mae', 'Aufderhar', '1991-11-19', 'Quia enim omnis adipisci autem. Voluptatem sint maiores ex cum. Doloribus expedita suscipit repellat velit. Aut est placeat dignissimos sunt id.', 'piono'),
(1797, 'Annette', 'Kuvalis', '1972-10-06', 'Deserunt odit incidunt corporis repellendus molestias consequatur laboriosam quaerat. Numquam veritatis aut distinctio quasi odio perspiciatis quas. Quo fugiat quis ratione at ut qui nihil.', 'guitar'),
(1798, 'Hannah', 'Wisozk', '1966-09-15', 'At quis perspiciatis molestiae aut voluptatem dolor harum. Dolor voluptates qui in error et inventore delectus vitae. Pariatur odit possimus ea totam.', 'song'),
(1799, 'Annabelle', 'Rodriguez', '1996-05-27', 'Doloribus et officiis ut minima recusandae quidem sint. Non sequi maiores quisquam delectus blanditiis. Nihil veniam atque aut. Veritatis officiis et veniam impedit deserunt veritatis.', 'drums'),
(1800, 'Fred', 'Huel', '1976-06-07', 'Distinctio asperiores ut sapiente illo eaque sunt. Fuga numquam ab distinctio aut.', 'guitar'),
(1801, 'Shaun', 'O\'Kon', '1975-04-14', 'Nulla veniam accusamus non rerum quas suscipit nam et. Officia ut quia mollitia corrupti qui. Cupiditate quis mollitia exercitationem dolor consectetur. Alias libero totam nostrum veniam.', 'guitar'),
(1802, 'Katherine', 'Oberbrunner', '1995-12-15', 'Exercitationem aut quo maiores maiores consequatur possimus. Quia excepturi rem quia omnis consequatur minus incidunt. Ut illo placeat mollitia.', 'guitar'),
(1803, 'Maryjane', 'Schiller', '1973-05-06', 'Placeat laudantium neque perspiciatis consequuntur. Sunt ipsa cupiditate maiores sit neque et labore amet. Provident consequatur optio occaecati quis.', 'piono'),
(1804, 'Missouri', 'Stanton', '1979-10-31', 'Quo ratione temporibus omnis. Maiores ut non ea id aut. Non sequi doloribus et qui.', 'drums'),
(1805, 'Sam', 'Casper', '1994-03-30', 'Cumque neque eum ut saepe. Nobis est amet sint quia architecto debitis. Hic impedit reiciendis ut dolorum rerum dolores. Accusamus nihil dolor magni ipsum beatae aliquam.', 'song'),
(1806, 'Marilie', 'Mitchell', '1966-02-08', 'Impedit incidunt sed doloremque. Non occaecati alias maxime et illo. Quasi sint quos iste sint dolores. Enim ipsum ea sed aut sed sit. Eaque harum eum iste doloribus est omnis temporibus.', 'song'),
(1807, 'Gregorio', 'Graham', '1979-02-02', 'Non illum omnis aperiam alias sed dignissimos quod. Illo ut neque autem deleniti. Iusto id tempora molestiae ex eos.', 'bass'),
(1808, 'Dennis', 'Blanda', '1992-10-23', 'Consequatur libero et aut ullam qui. Sit voluptatem rerum aut sint aliquid omnis.', 'guitar'),
(1809, 'Jerry', 'Sanford', '1968-03-17', 'Temporibus delectus voluptas asperiores. Vel incidunt pariatur dolores optio debitis reiciendis impedit. Quasi quaerat nihil ex odit. Et nam aut nulla eum illum rerum.', 'song'),
(1810, 'Vivianne', 'Heller', '1990-01-14', 'Minus pariatur non odit voluptas molestiae in. Officiis accusamus pariatur laborum est iste incidunt. Possimus aut doloribus autem numquam. Accusamus fugiat ipsam omnis accusamus ut atque animi.', 'guitar'),
(1811, 'Jazlyn', 'Reinger', '1972-03-29', 'Vitae id sed omnis earum consequatur. Commodi veniam necessitatibus commodi necessitatibus ratione et explicabo. Est illo dicta eaque dolor.', 'guitar'),
(1812, 'Pietro', 'Renner', '1996-10-08', 'Quis odit aliquid rerum vel consequuntur natus. Delectus quia eum velit nemo fugiat natus labore.', 'song'),
(1813, 'Brendon', 'Thiel', '1973-01-06', 'Accusamus ut delectus ipsam voluptate eveniet architecto. Porro et non ut ipsam et. Ratione consequatur voluptas et saepe modi ut est.', 'guitar'),
(1814, 'Jensen', 'Kuhic', '1991-08-11', 'Voluptas minima mollitia eligendi voluptatem. Porro reprehenderit voluptates aperiam est ut corporis. Porro sit ut est fuga voluptates aut.', 'drums'),
(1815, 'Luella', 'Pollich', '1974-01-29', 'Eius laudantium quod molestias quam quam omnis enim ut. Amet et saepe iure esse facere. Eos deserunt veniam laudantium. Error sunt est et facilis iure. Asperiores esse aut rerum ratione.', 'guitar'),
(1816, 'Lois', 'Hermiston', '2000-01-25', 'Iste quia quam eos officia unde. Ut possimus veritatis quam fugiat et soluta. Ut incidunt et qui ullam.', 'bass'),
(1817, 'Rogelio', 'Mayert', '1996-02-14', 'Impedit consequatur aut voluptatem et at iste maiores et. Quia itaque et suscipit vel ex repellendus minus placeat. Dolore quia ullam ratione rerum quisquam dignissimos dolorem.', 'guitar'),
(1818, 'Dolly', 'Powlowski', '1968-10-02', 'Sequi optio eaque quis consequuntur. Sint facere facilis est officia. Quam fugit non atque voluptas placeat. Repellat sequi dolorum assumenda enim.', 'guitar'),
(1819, 'Beulah', 'Willms', '1988-11-02', 'Qui dolorum id molestiae eligendi explicabo eum et dolorem. Qui et tenetur ullam qui. Voluptate dolores nulla hic molestiae.', 'guitar'),
(1820, 'Ressie', 'Renner', '1986-08-04', 'Non deleniti sed qui ullam debitis explicabo. Eum et doloribus architecto est voluptates et aliquam illo.', 'piono');

-- --------------------------------------------------------

--
-- Structure de la table `artist_group`
--

CREATE TABLE `artist_group` (
  `artist_id` int(11) NOT NULL,
  `group_id` int(11) NOT NULL
) ENGINE=InnoDB DEFAULT CHARSET=utf8mb4 COLLATE=utf8mb4_unicode_ci;

--
-- Déchargement des données de la table `artist_group`
--

INSERT INTO `artist_group` (`artist_id`, `group_id`) VALUES
(1621, 1760),
(1623, 1759),
(1625, 1795),
(1626, 1785),
(1628, 1751),
(1628, 1762),
(1628, 1763),
(1630, 1765),
(1630, 1778),
(1631, 1773),
(1632, 1761),
(1632, 1773),
(1633, 1779),
(1634, 1781),
(1634, 1790),
(1635, 1784),
(1636, 1759),
(1636, 1772),
(1636, 1777),
(1637, 1747),
(1637, 1760),
(1638, 1747),
(1639, 1765),
(1642, 1761),
(1643, 1793),
(1644, 1752),
(1644, 1795),
(1645, 1756),
(1645, 1789),
(1647, 1761),
(1648, 1782),
(1648, 1794),
(1650, 1775),
(1652, 1795),
(1653, 1756),
(1653, 1764),
(1653, 1779),
(1654, 1744),
(1654, 1763),
(1656, 1755),
(1658, 1784),
(1659, 1741),
(1659, 1791),
(1660, 1767),
(1660, 1791),
(1661, 1758),
(1661, 1766),
(1663, 1750),
(1663, 1754),
(1664, 1754),
(1664, 1756),
(1664, 1766),
(1665, 1745),
(1666, 1774),
(1666, 1797),
(1667, 1751),
(1667, 1772),
(1668, 1778),
(1668, 1797),
(1672, 1759),
(1673, 1784),
(1674, 1766),
(1677, 1761),
(1682, 1749),
(1682, 1764),
(1684, 1771),
(1684, 1783),
(1687, 1754),
(1687, 1775),
(1688, 1743),
(1688, 1747),
(1690, 1752),
(1691, 1777),
(1691, 1788),
(1691, 1794),
(1693, 1742),
(1693, 1780),
(1694, 1764),
(1694, 1778),
(1694, 1795),
(1695, 1776),
(1696, 1776),
(1696, 1791),
(1700, 1757),
(1700, 1770),
(1701, 1770),
(1702, 1799),
(1703, 1791),
(1704, 1764),
(1704, 1768),
(1704, 1798),
(1705, 1800),
(1706, 1745),
(1706, 1782),
(1706, 1787),
(1708, 1778),
(1708, 1780),
(1710, 1749),
(1711, 1786),
(1713, 1760),
(1716, 1744),
(1716, 1763),
(1717, 1741),
(1717, 1762),
(1717, 1785),
(1718, 1783),
(1719, 1757),
(1720, 1764),
(1721, 1763),
(1721, 1796),
(1723, 1762),
(1723, 1773),
(1724, 1788),
(1725, 1767),
(1726, 1787),
(1726, 1798),
(1727, 1752),
(1728, 1765),
(1730, 1760),
(1730, 1793),
(1731, 1742),
(1731, 1754),
(1731, 1766),
(1731, 1770),
(1731, 1776),
(1732, 1765),
(1732, 1768),
(1732, 1794),
(1732, 1797),
(1733, 1742),
(1733, 1756),
(1734, 1783),
(1736, 1766),
(1737, 1765),
(1737, 1770),
(1737, 1797),
(1737, 1798),
(1739, 1750),
(1740, 1741),
(1740, 1742),
(1742, 1753),
(1742, 1790),
(1743, 1771),
(1744, 1744),
(1745, 1750),
(1746, 1753),
(1746, 1779),
(1747, 1761),
(1749, 1777),
(1749, 1793),
(1751, 1757),
(1751, 1775),
(1753, 1754),
(1753, 1781),
(1755, 1772),
(1755, 1782),
(1756, 1762),
(1756, 1767),
(1756, 1793),
(1757, 1786),
(1757, 1792),
(1757, 1793),
(1759, 1758),
(1760, 1774),
(1760, 1790),
(1761, 1800),
(1762, 1751),
(1763, 1751),
(1763, 1762),
(1763, 1771),
(1763, 1777),
(1765, 1774),
(1766, 1793),
(1769, 1768),
(1770, 1756),
(1770, 1791),
(1774, 1779),
(1776, 1800),
(1777, 1775),
(1777, 1777),
(1778, 1782),
(1780, 1758),
(1780, 1764),
(1782, 1746),
(1783, 1778),
(1783, 1794),
(1784, 1756),
(1784, 1763),
(1784, 1788),
(1785, 1750),
(1785, 1762),
(1785, 1779),
(1786, 1745),
(1786, 1758),
(1787, 1751),
(1788, 1752),
(1788, 1788),
(1788, 1792),
(1789, 1776),
(1790, 1763),
(1791, 1748),
(1791, 1765),
(1791, 1785),
(1791, 1790),
(1791, 1798),
(1791, 1800),
(1793, 1785),
(1794, 1742),
(1796, 1761),
(1797, 1742),
(1797, 1747),
(1799, 1753),
(1799, 1790),
(1800, 1774),
(1802, 1786),
(1803, 1778),
(1806, 1746),
(1806, 1754),
(1806, 1773),
(1806, 1794),
(1807, 1750),
(1808, 1750),
(1808, 1768),
(1808, 1772),
(1808, 1784),
(1809, 1779),
(1810, 1766),
(1811, 1769),
(1812, 1795),
(1814, 1747),
(1815, 1770),
(1816, 1768),
(1816, 1786),
(1816, 1788),
(1817, 1774),
(1818, 1752);

-- --------------------------------------------------------

--
-- Structure de la table `availability`
--

CREATE TABLE `availability` (
  `id` int(11) NOT NULL,
  `person_id` int(11) DEFAULT NULL,
  `day` date NOT NULL,
  `start_time` time DEFAULT NULL,
  `end_time` time DEFAULT NULL
) ENGINE=InnoDB DEFAULT CHARSET=utf8mb4 COLLATE=utf8mb4_unicode_ci;

--
-- Déchargement des données de la table `availability`
--

INSERT INTO `availability` (`id`, `person_id`, `day`, `start_time`, `end_time`) VALUES
(4247, 331, '2023-04-29', NULL, NULL),
(4248, 331, '2023-04-20', NULL, NULL),
(4249, 331, '2023-04-19', NULL, NULL),
(4250, 331, '2023-04-25', NULL, NULL),
(4251, 331, '2023-04-25', NULL, NULL),
(4252, 331, '2023-04-29', NULL, NULL),
(4253, 331, '2023-04-19', NULL, NULL),
(4254, 331, '2023-04-26', NULL, NULL),
(4255, 331, '2023-04-23', NULL, NULL),
(4256, 331, '2023-04-30', NULL, NULL),
(4257, 332, '2023-04-27', NULL, NULL),
(4258, 332, '2023-04-28', NULL, NULL),
(4259, 332, '2023-04-29', NULL, NULL),
(4260, 332, '2023-04-24', NULL, NULL),
(4261, 332, '2023-04-23', NULL, NULL),
(4262, 332, '2023-04-19', NULL, NULL),
(4263, 332, '2023-04-21', NULL, NULL),
(4264, 332, '2023-04-19', NULL, NULL),
(4265, 332, '2023-05-01', NULL, NULL),
(4266, 332, '2023-04-25', NULL, NULL),
(4267, 332, '2023-04-26', NULL, NULL),
(4268, 332, '2023-04-23', NULL, NULL),
(4269, 332, '2023-04-22', NULL, NULL),
(4270, 332, '2023-04-29', NULL, NULL),
(4271, 332, '2023-04-27', NULL, NULL),
(4272, 332, '2023-05-02', NULL, NULL),
(4273, 332, '2023-04-26', NULL, NULL),
(4274, 333, '2023-04-25', NULL, NULL),
(4275, 333, '2023-04-27', NULL, NULL),
(4276, 333, '2023-04-25', NULL, NULL),
(4277, 333, '2023-04-30', NULL, NULL),
(4278, 333, '2023-04-24', NULL, NULL),
(4279, 333, '2023-04-25', NULL, NULL),
(4280, 333, '2023-04-20', NULL, NULL),
(4281, 333, '2023-04-24', NULL, NULL),
(4282, 333, '2023-04-20', NULL, NULL),
(4283, 333, '2023-04-25', NULL, NULL),
(4284, 333, '2023-04-20', NULL, NULL),
(4285, 334, '2023-04-23', NULL, NULL),
(4286, 334, '2023-04-28', NULL, NULL),
(4287, 334, '2023-04-22', NULL, NULL),
(4288, 334, '2023-04-18', NULL, NULL),
(4289, 334, '2023-04-28', NULL, NULL),
(4290, 334, '2023-05-02', NULL, NULL),
(4291, 334, '2023-04-22', NULL, NULL),
(4292, 334, '2023-04-30', NULL, NULL),
(4293, 334, '2023-04-28', NULL, NULL),
(4294, 334, '2023-04-28', NULL, NULL),
(4295, 335, '2023-04-23', NULL, NULL),
(4296, 335, '2023-04-27', NULL, NULL),
(4297, 335, '2023-04-25', NULL, NULL),
(4298, 335, '2023-04-20', NULL, NULL),
(4299, 335, '2023-04-25', NULL, NULL),
(4300, 335, '2023-04-24', NULL, NULL),
(4301, 335, '2023-04-18', NULL, NULL),
(4302, 335, '2023-04-22', NULL, NULL),
(4303, 335, '2023-04-18', NULL, NULL),
(4304, 335, '2023-04-28', NULL, NULL),
(4305, 335, '2023-04-21', NULL, NULL),
(4306, 335, '2023-04-21', NULL, NULL),
(4307, 335, '2023-04-21', NULL, NULL),
(4308, 335, '2023-04-21', NULL, NULL),
(4309, 336, '2023-04-29', NULL, NULL),
(4310, 336, '2023-04-29', NULL, NULL),
(4311, 336, '2023-04-18', NULL, NULL),
(4312, 336, '2023-04-20', NULL, NULL),
(4313, 336, '2023-04-29', NULL, NULL),
(4314, 336, '2023-04-21', NULL, NULL),
(4315, 336, '2023-04-19', NULL, NULL),
(4316, 336, '2023-05-01', NULL, NULL),
(4317, 336, '2023-04-23', NULL, NULL),
(4318, 336, '2023-04-23', NULL, NULL),
(4319, 336, '2023-04-19', NULL, NULL),
(4320, 336, '2023-04-28', NULL, NULL),
(4321, 336, '2023-04-28', NULL, NULL),
(4322, 336, '2023-05-01', NULL, NULL),
(4323, 336, '2023-04-28', NULL, NULL),
(4324, 336, '2023-04-21', NULL, NULL),
(4325, 336, '2023-04-27', NULL, NULL),
(4326, 336, '2023-04-24', NULL, NULL),
(4327, 336, '2023-04-30', NULL, NULL),
(4328, 336, '2023-04-23', NULL, NULL),
(4329, 337, '2023-04-25', NULL, NULL),
(4330, 337, '2023-04-27', NULL, NULL),
(4331, 337, '2023-04-19', NULL, NULL),
(4332, 337, '2023-05-02', NULL, NULL),
(4333, 337, '2023-04-30', NULL, NULL),
(4334, 337, '2023-05-01', NULL, NULL),
(4335, 337, '2023-04-27', NULL, NULL),
(4336, 337, '2023-04-21', NULL, NULL),
(4337, 337, '2023-04-19', NULL, NULL),
(4338, 337, '2023-04-23', NULL, NULL),
(4339, 337, '2023-04-20', NULL, NULL),
(4340, 337, '2023-04-28', NULL, NULL),
(4341, 337, '2023-05-01', NULL, NULL),
(4342, 337, '2023-04-21', NULL, NULL),
(4343, 337, '2023-04-24', NULL, NULL),
(4344, 337, '2023-04-24', NULL, NULL),
(4345, 338, '2023-04-22', NULL, NULL),
(4346, 338, '2023-05-02', NULL, NULL),
(4347, 338, '2023-04-20', NULL, NULL),
(4348, 338, '2023-04-30', NULL, NULL),
(4349, 338, '2023-04-18', NULL, NULL),
(4350, 338, '2023-04-25', NULL, NULL),
(4351, 338, '2023-04-21', NULL, NULL),
(4352, 338, '2023-04-30', NULL, NULL),
(4353, 338, '2023-04-19', NULL, NULL),
(4354, 338, '2023-04-20', NULL, NULL),
(4355, 338, '2023-04-28', NULL, NULL),
(4356, 338, '2023-04-26', NULL, NULL),
(4357, 338, '2023-05-01', NULL, NULL),
(4358, 339, '2023-04-20', NULL, NULL),
(4359, 339, '2023-04-22', NULL, NULL),
(4360, 339, '2023-04-28', NULL, NULL),
(4361, 339, '2023-04-22', NULL, NULL),
(4362, 339, '2023-04-21', NULL, NULL),
(4363, 339, '2023-04-28', NULL, NULL),
(4364, 339, '2023-04-25', NULL, NULL),
(4365, 339, '2023-04-19', NULL, NULL),
(4366, 339, '2023-05-02', NULL, NULL),
(4367, 339, '2023-04-30', NULL, NULL),
(4368, 339, '2023-04-18', NULL, NULL),
(4369, 339, '2023-04-29', NULL, NULL),
(4370, 339, '2023-05-01', NULL, NULL),
(4371, 339, '2023-04-21', NULL, NULL),
(4372, 339, '2023-04-20', NULL, NULL),
(4373, 339, '2023-04-20', NULL, NULL),
(4374, 339, '2023-04-26', NULL, NULL),
(4375, 339, '2023-04-30', NULL, NULL),
(4376, 339, '2023-04-19', NULL, NULL),
(4377, 340, '2023-05-02', NULL, NULL),
(4378, 340, '2023-04-28', NULL, NULL),
(4379, 340, '2023-04-19', NULL, NULL),
(4380, 340, '2023-04-22', NULL, NULL),
(4381, 340, '2023-04-21', NULL, NULL),
(4382, 340, '2023-04-28', NULL, NULL),
(4383, 340, '2023-04-22', NULL, NULL),
(4384, 340, '2023-04-26', NULL, NULL),
(4385, 340, '2023-05-02', NULL, NULL),
(4386, 340, '2023-04-22', NULL, NULL),
(4387, 340, '2023-04-22', NULL, NULL),
(4388, 340, '2023-04-22', NULL, NULL),
(4389, 340, '2023-04-25', NULL, NULL),
(4390, 340, '2023-04-26', NULL, NULL),
(4391, 340, '2023-04-30', NULL, NULL),
(4392, 340, '2023-05-02', NULL, NULL),
(4393, 340, '2023-04-29', NULL, NULL),
(4394, 340, '2023-04-21', NULL, NULL);

-- --------------------------------------------------------

--
-- Structure de la table `concert`
--

CREATE TABLE `concert` (
  `id` int(11) NOT NULL
) ENGINE=InnoDB DEFAULT CHARSET=utf8mb4 COLLATE=utf8mb4_unicode_ci;

--
-- Déchargement des données de la table `concert`
--

INSERT INTO `concert` (`id`) VALUES
(168),
(169),
(170),
(171),
(172),
(173),
(174),
(175),
(176),
(177);

-- --------------------------------------------------------

--
-- Structure de la table `concert_part`
--

CREATE TABLE `concert_part` (
  `id` int(11) NOT NULL,
  `artist_id` int(11) DEFAULT NULL,
  `concert_id` int(11) DEFAULT NULL,
  `start_time` time DEFAULT NULL,
  `end_time` time DEFAULT NULL,
  `status` varchar(16) COLLATE utf8mb4_unicode_ci NOT NULL,
  `gig` double DEFAULT NULL
) ENGINE=InnoDB DEFAULT CHARSET=utf8mb4 COLLATE=utf8mb4_unicode_ci;

--
-- Déchargement des données de la table `concert_part`
--

INSERT INTO `concert_part` (`id`, `artist_id`, `concert_id`, `start_time`, `end_time`, `status`, `gig`) VALUES
(97, 1765, 168, NULL, NULL, 'signed', 411.9),
(98, 1789, 169, NULL, NULL, 'cancelled', NULL),
(99, 1781, 170, NULL, NULL, 'contacted', NULL),
(100, 1767, 170, NULL, NULL, 'signed', 495.8),
(101, 1800, 171, NULL, NULL, 'approved', NULL),
(102, 1755, 172, NULL, NULL, 'cancelled', NULL),
(103, 1757, 172, NULL, NULL, 'cancelled', NULL),
(104, 1769, 173, NULL, NULL, 'approved', NULL),
(105, 1749, 174, NULL, NULL, 'approved', NULL),
(106, 1745, 174, NULL, NULL, 'cancelled', NULL),
(107, 1741, 175, NULL, NULL, 'signed', 481.5),
(108, 1766, 175, NULL, NULL, 'approved', NULL),
(109, 1782, 176, NULL, NULL, 'approved', NULL),
(110, 1768, 177, NULL, NULL, 'signed', 485.6),
(111, 1775, 177, NULL, NULL, 'approved', NULL);

-- --------------------------------------------------------

--
-- Structure de la table `doctrine_migration_versions`
--

CREATE TABLE `doctrine_migration_versions` (
  `version` varchar(191) COLLATE utf8_unicode_ci NOT NULL,
  `executed_at` datetime DEFAULT NULL,
  `execution_time` int(11) DEFAULT NULL
) ENGINE=InnoDB DEFAULT CHARSET=utf8 COLLATE=utf8_unicode_ci;

--
-- Déchargement des données de la table `doctrine_migration_versions`
--

INSERT INTO `doctrine_migration_versions` (`version`, `executed_at`, `execution_time`) VALUES
('DoctrineMigrations\\Version20230317201744', '2023-03-17 21:18:18', 1621),
('DoctrineMigrations\\Version20230317221649', '2023-03-17 23:17:09', 570),
('DoctrineMigrations\\Version20230318003134', '2023-03-18 01:37:28', 188),
('DoctrineMigrations\\Version20230318003736', '2023-03-18 01:37:43', 178);

-- --------------------------------------------------------

--
-- Structure de la table `event`
--

CREATE TABLE `event` (
  `id` int(11) NOT NULL,
  `place_id` int(11) DEFAULT NULL,
  `date` date NOT NULL,
  `start_time` datetime NOT NULL,
  `end_time` datetime NOT NULL,
  `discr` varchar(255) COLLATE utf8mb4_unicode_ci NOT NULL
) ENGINE=InnoDB DEFAULT CHARSET=utf8mb4 COLLATE=utf8mb4_unicode_ci;

--
-- Déchargement des données de la table `event`
--

INSERT INTO `event` (`id`, `place_id`, `date`, `start_time`, `end_time`, `discr`) VALUES
(164, 159, '2023-04-28', '2023-04-29 02:43:04', '2023-04-29 02:43:04', 'rencontre'),
(165, 159, '2023-04-23', '2023-04-26 06:46:32', '2023-04-26 06:46:32', 'rencontre'),
(166, 159, '2023-04-27', '2023-04-30 05:50:09', '2023-04-30 05:50:09', 'rencontre'),
(167, 162, '2023-04-27', '2023-04-21 00:03:08', '2023-04-21 00:03:08', 'rencontre'),
(168, 163, '2006-02-16', '2023-04-22 04:21:24', '2023-04-22 04:21:24', 'concert'),
(169, 160, '2008-11-10', '2023-05-02 07:34:45', '2023-05-02 07:34:45', 'concert'),
(170, 161, '2009-05-09', '2023-04-22 03:45:19', '2023-04-22 03:45:19', 'concert'),
(171, 162, '1979-10-16', '2023-04-26 04:06:14', '2023-04-26 04:06:14', 'concert'),
(172, 162, '1993-04-08', '2023-04-25 10:06:42', '2023-04-25 10:06:42', 'concert'),
(173, 162, '2010-08-17', '2023-04-23 02:40:10', '2023-04-23 02:40:10', 'concert'),
(174, 161, '1987-10-14', '2023-05-01 07:24:23', '2023-05-01 07:24:23', 'concert'),
(175, 161, '2022-04-19', '2023-04-22 01:18:51', '2023-04-22 01:18:51', 'concert'),
(176, 161, '1982-03-26', '2023-04-27 10:28:42', '2023-04-27 10:28:42', 'concert'),
(177, 161, '2004-06-29', '2023-04-24 08:41:35', '2023-04-24 08:41:35', 'concert');

-- --------------------------------------------------------

--
-- Structure de la table `group`
--

CREATE TABLE `group` (
  `id` int(11) NOT NULL,
  `name` varchar(64) COLLATE utf8mb4_unicode_ci NOT NULL,
  `genre` varchar(255) COLLATE utf8mb4_unicode_ci NOT NULL,
  `presentation` longtext COLLATE utf8mb4_unicode_ci
) ENGINE=InnoDB DEFAULT CHARSET=utf8mb4 COLLATE=utf8mb4_unicode_ci;

--
-- Déchargement des données de la table `group`
--

INSERT INTO `group` (`id`, `name`, `genre`, `presentation`) VALUES
(1741, 'Magni qui officia.', 'folk', 'Totam voluptatem pariatur cum deleniti voluptas autem. Dolorem ut explicabo nobis cupiditate autem. Laborum architecto sed omnis est.'),
(1742, 'Eaque recusandae.', 'hip-hop', 'Et culpa aut iure delectus ad. Animi laboriosam officia dignissimos repudiandae qui saepe aut illum. Odio repudiandae non ipsa deserunt praesentium sunt.'),
(1743, 'Aut sit.', 'folk', 'Velit ullam dolore voluptatem et perspiciatis. Impedit esse et ipsam et occaecati. Nostrum dicta eos in voluptatem omnis voluptatum. Eos in perspiciatis quis voluptatum ipsa.'),
(1744, 'Culpa enim.', 'hip-hop', 'Eius ducimus facilis voluptatem ut quam et. Rem libero eligendi impedit minus itaque explicabo doloremque. Ad ullam optio facilis. Qui ratione qui aut est minima at.'),
(1745, 'Consequuntur consectetur est.', 'hip-hop', 'Odit facilis sit dolore nostrum. Eveniet doloribus quod est molestias eveniet magnam. Voluptatum modi quae dolores. Sed est aspernatur enim atque et veritatis. Repellat quia excepturi repellat quia.'),
(1746, 'Voluptate et temporibus nesciunt.', 'jazz', 'Aut dolorem quis et explicabo officia dolorem. Quia soluta architecto et est. Sequi voluptatem saepe nisi odit quia. Minima natus provident vero sit et.'),
(1747, 'Nihil.', 'electro', 'Dolorem provident at rerum explicabo. In vel commodi et est maxime. Dolor nihil quia molestiae ab ducimus repellat aut. Minus illum aperiam aliquam ipsa vel. Voluptatem ullam ipsa et aut illum.'),
(1748, 'Rerum et ut.', 'folk', 'Necessitatibus at repudiandae ut. Corporis labore et voluptatibus qui ullam culpa. Facilis facilis magnam voluptatibus voluptate sit qui. Cumque nihil esse similique omnis porro.'),
(1749, 'Sunt voluptas eveniet.', 'rock', 'Voluptatem iste consequatur temporibus aspernatur. Aut est reprehenderit in doloremque. Ipsum dolore nesciunt ducimus explicabo molestias dolorum.'),
(1750, 'Unde nam molestiae.', 'rock', 'Hic voluptatem ea nostrum vel adipisci similique. Qui ullam sed accusamus ullam enim deserunt. Vel nam at sit voluptatem tempore neque quia.'),
(1751, 'Voluptate laudantium tempora molestiae.', 'hip-hop', 'Sapiente numquam similique quo eum ipsa ducimus nostrum. Officia harum eos vero maiores eaque enim. Accusamus ipsa deserunt quo et et dolores consequatur.'),
(1752, 'Corporis officiis beatae.', 'jazz', 'Aut saepe blanditiis praesentium. Omnis neque et officia consequuntur at omnis dolor. Ut enim numquam est nemo. Et nihil beatae sed amet et explicabo blanditiis.'),
(1753, 'Consequuntur.', 'rock', 'Ex soluta beatae fugit sint. Molestiae impedit occaecati magnam ipsum in et minus. Rerum recusandae atque placeat et. Dolorum quia cupiditate minima pariatur dolorem.'),
(1754, 'Vitae reprehenderit nulla ab et harum.', 'electro', 'Quidem vel in quaerat pariatur qui. Ad doloremque et sunt qui debitis dicta. Consectetur fugiat voluptatibus facere et tempore veritatis. Aut a quo quibusdam nostrum.'),
(1755, 'Veritatis.', 'electro', 'Omnis occaecati distinctio quam omnis qui minus. Blanditiis sed reiciendis est sint recusandae. Architecto ut ad natus illo ut minus. Voluptatem ut aut veritatis.'),
(1756, 'Magnam sapiente culpa.', 'folk', 'Odit quidem consequatur et dolores. Consequatur quod cumque sed. Ut eum labore consectetur minus.'),
(1757, 'Et.', 'jazz', 'Qui blanditiis itaque distinctio sit. Quo non dolor porro facere quibusdam. Voluptatibus dolores officiis facilis praesentium eveniet quia.'),
(1758, 'Consequatur dolorem.', 'hip-hop', 'Eum autem et nobis est velit qui. Qui dolores corrupti ratione. Rerum itaque corrupti non ut aut est et possimus.'),
(1759, 'Sapiente vel.', 'hip-hop', 'Quis praesentium ab incidunt repellat esse est similique. Et harum enim deserunt ad sint quos. Non aut et labore architecto.'),
(1760, 'Et debitis expedita.', 'jazz', 'Rerum ea esse omnis quo sed sit veniam. Quos enim accusamus dignissimos esse. Consequuntur modi repellendus esse est voluptatem consequatur nemo.'),
(1761, 'Consectetur vitae.', 'folk', 'Provident aut sed voluptatum sint esse eum et maxime. Aperiam fuga quas numquam ipsam. Modi iste et aut et doloribus facere soluta.'),
(1762, 'Necessitatibus unde.', 'rock', 'Quibusdam pariatur non expedita possimus natus. Inventore optio voluptatum quia et ratione et. Et quidem suscipit non labore. Aut vero quos excepturi harum.'),
(1763, 'Accusamus.', 'jazz', 'Amet vitae voluptatem sequi deserunt. Praesentium architecto corrupti et quam ipsum illo. Ab ut similique ad fuga mollitia fuga qui aut.'),
(1764, 'Sunt.', 'hip-hop', 'Aut perferendis nulla minus. Provident veritatis vel nihil quia. Magni nisi vel laborum doloremque iste aut perferendis beatae. Et voluptas quia voluptatem ullam officia.'),
(1765, 'Accusamus quaerat.', 'hip-hop', 'Non deserunt laudantium nihil facilis culpa. Hic sapiente eum eius voluptatum ea. Repellendus delectus et eum possimus quia. Laudantium dolor natus dolor voluptas in consectetur incidunt.'),
(1766, 'Dignissimos dolorem.', 'electro', 'Neque occaecati dolor voluptate unde repellendus nesciunt. Enim rem aliquam voluptas. Ut omnis porro sed modi pariatur fugiat aut. Et dolor aut omnis reprehenderit aut velit.'),
(1767, 'Eum nemo.', 'hip-hop', 'Inventore voluptate corporis dolores. Qui sit ut deleniti totam. Pariatur qui qui quam rerum aut ipsa repudiandae.'),
(1768, 'Ut labore aut vitae blanditiis.', 'rock', 'Vero sit hic sapiente libero ut. Sint voluptas nisi doloribus voluptas. Aut consequatur quis illo sapiente. Eius aut vero ullam maiores atque velit consequatur.'),
(1769, 'Eaque illo.', 'rock', 'Dolor omnis nesciunt saepe eveniet. Voluptas autem labore voluptas minus. Voluptatum assumenda ut in nulla.'),
(1770, 'Et quia veniam aut.', 'hip-hop', 'Dolorem architecto iure illum dolorem. Rerum vel quasi quasi. Et magnam voluptatem voluptatum totam. Non ratione culpa et voluptatum rerum.'),
(1771, 'Velit alias aut.', 'hip-hop', 'Id provident libero aut aut qui. Et sed ut nobis ut nemo. Nemo recusandae laboriosam officiis quos ut fugit. Vero eum voluptates dolores totam molestias adipisci eligendi rerum.'),
(1772, 'Sint corrupti reprehenderit.', 'hip-hop', 'Quae quia quae necessitatibus error fuga dolor. Consequatur voluptates animi accusamus dolorem et corporis. Quisquam dolorem amet architecto id.'),
(1773, 'Et quia et.', 'electro', 'Atque qui eos esse quo. Nihil ipsam laudantium quas sint nisi reprehenderit necessitatibus unde. Impedit et impedit adipisci. Dicta eaque ea hic.'),
(1774, 'Earum porro nemo.', 'rock', 'Quibusdam provident non quos doloribus officia eligendi maiores. Illum magni et nesciunt officiis unde. Tempore occaecati eum iste qui dicta dolore. Nihil asperiores eaque modi facere.'),
(1775, 'Ut illum praesentium.', 'jazz', 'Occaecati voluptates fugit qui rerum. Tempore soluta nostrum facere sit ut alias. Quas esse iure quo deleniti animi provident. Itaque labore est qui minima totam.'),
(1776, 'Et ut.', 'rock', 'Quas eum quod in qui. Dicta iste et in iste eos et qui. Amet praesentium repellendus exercitationem autem itaque. Et incidunt cumque provident est. Est architecto amet necessitatibus.'),
(1777, 'Nostrum vel.', 'hip-hop', 'Repellat facilis ut cum mollitia et. A reiciendis enim et enim fuga enim sapiente. Fugit ea labore aut non. Molestiae natus laudantium et sint blanditiis et.'),
(1778, 'Repudiandae.', 'jazz', 'Repellendus praesentium alias nostrum. Ab et et ex amet voluptas voluptatum. Cumque et dolorem consequuntur minima maxime nihil.'),
(1779, 'Expedita sit.', 'folk', 'Hic voluptatem ut doloribus ea veniam dolor ipsa. Distinctio eos porro illum veniam enim qui porro. Vel porro expedita ut temporibus vel totam pariatur. Ea minus mollitia consectetur.'),
(1780, 'Et officiis quis assumenda eligendi ad.', 'hip-hop', 'Aut voluptatem commodi debitis sed quo labore recusandae. Aspernatur excepturi ea temporibus enim qui. Animi consequatur eos et vitae.'),
(1781, 'Culpa consequatur quas eaque tempore.', 'rock', 'Qui ducimus sit voluptatem quae ut. Sequi eos incidunt culpa. Quia necessitatibus atque eum excepturi ut doloremque. Dolore expedita consequatur pariatur eum quod explicabo quidem.'),
(1782, 'Repellendus cupiditate dolorem dolorem.', 'rock', 'Exercitationem aut tempora quia rerum doloribus. Est et qui eligendi et laudantium consectetur quaerat. Provident est dignissimos debitis.'),
(1783, 'Quo sequi minus aut ea.', 'hip-hop', 'Et quibusdam soluta veniam tempore sed. Incidunt ut veniam illum voluptatem. Veritatis maxime maiores sapiente nam et ipsum molestias. Odit recusandae qui nemo repudiandae. Id molestiae qui at non.'),
(1784, 'Delectus.', 'hip-hop', 'Est quasi inventore et rem exercitationem. Fugit placeat delectus sed aspernatur exercitationem consequatur nisi.'),
(1785, 'Quo modi ut velit consequatur et.', 'folk', 'Dignissimos occaecati qui esse eum veritatis. Natus sit enim occaecati soluta atque a. Sed alias maxime dolor. Et ea vel consequuntur natus dolorum nihil.'),
(1786, 'Dolores excepturi aut.', 'rock', 'Illo in est dolor aliquam. Incidunt ratione odit quia sed fugit laboriosam sequi. Et ut ut mollitia nemo dolore in.'),
(1787, 'Et facere.', 'folk', 'Cumque maxime odio et. Ea quia est quia mollitia voluptas unde ab. Quas earum nostrum consectetur vitae alias ad voluptatem. Aut officia placeat aut sapiente.'),
(1788, 'Iusto.', 'rock', 'Fugiat optio quas velit repellendus vitae itaque debitis. Cupiditate tempora voluptate veritatis expedita autem molestiae dolor. Eos dolorum et aperiam illo ratione ducimus.'),
(1789, 'Nisi maxime voluptatem.', 'rock', 'Ea totam ad consequuntur quisquam a cupiditate praesentium. Consectetur itaque a repellendus quo autem et.'),
(1790, 'Quo necessitatibus.', 'jazz', 'Sunt autem molestiae repellendus doloribus et. Ut illo repellat at dignissimos. Sit ut omnis voluptas omnis voluptatem veritatis. Ut libero error sequi quisquam quas labore dolorum.'),
(1791, 'Dignissimos rerum.', 'electro', 'Libero qui voluptate et. Molestiae officiis sed quia sunt perferendis. Aspernatur qui non aut ad. Corrupti est ipsa tempora omnis. Ut cum ut aliquid est voluptates ipsa.'),
(1792, 'Unde consequuntur dolorum.', 'jazz', 'Accusantium nihil asperiores vel qui est aut. Rerum et modi vero aut eos. Voluptatum incidunt tempore et assumenda et eos.'),
(1793, 'Et inventore impedit.', 'folk', 'Nesciunt deleniti facere et quia eius. Magnam velit nihil illo delectus quia ea. Laboriosam ut minima officia dolore exercitationem.'),
(1794, 'Tenetur consequatur asperiores quod ducimus.', 'hip-hop', 'Eum est dolorem explicabo dolorum velit voluptates mollitia. Itaque quis sed dolorem eum natus sit dolor voluptate. Voluptatem facilis et amet dolores. Non id dolorem sit ratione culpa.'),
(1795, 'Excepturi.', 'folk', 'Accusamus tempora voluptatum vel expedita aspernatur dolore. In eaque qui voluptatibus error. Accusantium cumque impedit maiores inventore est ratione molestiae repellat.'),
(1796, 'Non.', 'hip-hop', 'Accusamus sed enim ipsam consequatur provident dolore. Ad facere deserunt et vel ut. Dolorum quibusdam nostrum ut beatae.'),
(1797, 'Consequuntur quae.', 'electro', 'Qui nostrum non nihil odit perferendis numquam velit. Voluptas illo ea sed dolorum. Quae dolor inventore ex officia voluptatem. Qui dolores ea officia aut.'),
(1798, 'Accusantium tempore.', 'rock', 'Blanditiis mollitia deleniti nobis. Et deleniti unde animi accusamus eum quasi quis. Quae aut sunt ut ut nobis rerum magni dolorem. Facere dolorem autem magni nihil pariatur et ea.'),
(1799, 'Numquam qui officia.', 'electro', 'Quidem quia ut quo repudiandae tempora et. Dolores deleniti totam similique. Modi laborum nemo nisi ad distinctio. Beatae reiciendis incidunt dolores labore et.'),
(1800, 'Consequuntur veniam culpa odit ab.', 'rock', 'Aut perspiciatis aliquam ut. Sunt incidunt quas aperiam autem omnis aut.');

-- --------------------------------------------------------

--
-- Structure de la table `messenger_messages`
--

CREATE TABLE `messenger_messages` (
  `id` bigint(20) NOT NULL,
  `body` longtext COLLATE utf8mb4_unicode_ci NOT NULL,
  `headers` longtext COLLATE utf8mb4_unicode_ci NOT NULL,
  `queue_name` varchar(190) COLLATE utf8mb4_unicode_ci NOT NULL,
  `created_at` datetime NOT NULL,
  `available_at` datetime NOT NULL,
  `delivered_at` datetime DEFAULT NULL
) ENGINE=InnoDB DEFAULT CHARSET=utf8mb4 COLLATE=utf8mb4_unicode_ci;

-- --------------------------------------------------------

--
-- Structure de la table `place`
--

CREATE TABLE `place` (
  `id` int(11) NOT NULL,
  `name` varchar(32) COLLATE utf8mb4_unicode_ci NOT NULL,
  `max_spectators` int(11) NOT NULL
) ENGINE=InnoDB DEFAULT CHARSET=utf8mb4 COLLATE=utf8mb4_unicode_ci;

--
-- Déchargement des données de la table `place`
--

INSERT INTO `place` (`id`, `name`, `max_spectators`) VALUES
(159, 'Sequi', 300),
(160, 'Quidem', 1000),
(161, 'Sunt', 300),
(162, 'Dignissimos', 300),
(163, 'Est', 100);

-- --------------------------------------------------------

--
-- Structure de la table `price`
--

CREATE TABLE `price` (
  `id` int(11) NOT NULL,
  `category` varchar(8) COLLATE utf8mb4_unicode_ci NOT NULL,
  `price` double NOT NULL
) ENGINE=InnoDB DEFAULT CHARSET=utf8mb4 COLLATE=utf8mb4_unicode_ci;

--
-- Déchargement des données de la table `price`
--

INSERT INTO `price` (`id`, `category`, `price`) VALUES
(311, 'D398', 75),
(312, 'L844', 23),
(313, 'U338', 56),
(314, 'O038', 63),
(315, 'T840', 82),
(316, 'N989', 51),
(317, 'L652', 51),
(318, 'G652', 98),
(319, 'D641', 98),
(320, 'X503', 50);

-- --------------------------------------------------------

--
-- Structure de la table `rencontre`
--

CREATE TABLE `rencontre` (
  `id` int(11) NOT NULL,
  `artist_id` int(11) NOT NULL
) ENGINE=InnoDB DEFAULT CHARSET=utf8mb4 COLLATE=utf8mb4_unicode_ci;

--
-- Déchargement des données de la table `rencontre`
--

INSERT INTO `rencontre` (`id`, `artist_id`) VALUES
(165, 1690),
(164, 1698),
(167, 1744),
(166, 1806);

-- --------------------------------------------------------

--
-- Structure de la table `role`
--

CREATE TABLE `role` (
  `id` int(11) NOT NULL,
  `person_id` int(11) DEFAULT NULL,
  `role_name` varchar(64) COLLATE utf8mb4_unicode_ci NOT NULL,
  `description` longtext COLLATE utf8mb4_unicode_ci NOT NULL
) ENGINE=InnoDB DEFAULT CHARSET=utf8mb4 COLLATE=utf8mb4_unicode_ci;

--
-- Déchargement des données de la table `role`
--

INSERT INTO `role` (`id`, `person_id`, `role_name`, `description`) VALUES
(660, 331, 'sécurité', 'Reprehenderit quod nisi dolores tenetur atque magni. Odio id quibusdam minima deserunt enim minus. Nihil saepe nam dolores qui quia deleniti. Tempore exercitationem dolores optio rerum hic.'),
(661, 331, 'administration', 'Error doloribus beatae sed quos temporibus rerum. Laboriosam qui possimus eos accusamus quaerat voluptas. Fuga quod quisquam nihil recusandae quia. Aut aliquid officiis deserunt ea assumenda.'),
(662, 332, 'sécurité', 'Modi aut aut et ea et explicabo ipsum. Velit qui natus autem qui. Quam cum perferendis aliquam facilis.'),
(663, 332, 'régie', 'Vel ex est quisquam occaecati recusandae. Quia voluptas neque omnis non molestiae adipisci quos. Veniam itaque ut blanditiis.'),
(664, 332, 'billetterie', 'Voluptatem quas ipsum ducimus ratione. Aut rerum fuga eos dignissimos. Est sunt adipisci in facere laboriosam. Necessitatibus natus adipisci omnis quo. Magni et dicta molestias sed ex ab molestiae.'),
(665, 333, 'billetterie', 'Culpa et delectus illum nihil recusandae. Est qui tempore ea et corrupti dolores exercitationem. Iste animi pariatur adipisci aliquam ad odit nemo.'),
(666, 333, 'accueil', 'Nam dolores ut et alias ad ipsum. Autem eum sapiente consequatur eligendi esse. Nihil at voluptatem nostrum saepe velit error.'),
(667, 334, 'accompagnement', 'Dolorem molestias asperiores eligendi dolore nisi dolorum. Aliquam earum nihil impedit ratione. Est quos fugiat sed omnis possimus architecto aut. Iusto distinctio incidunt perspiciatis est quod labore.'),
(668, 334, 'sécurité', 'Est et molestiae nihil sit. Aliquid eum ea sapiente. Itaque numquam accusantium possimus. Corporis quis accusantium explicabo deserunt.'),
(669, 335, 'billetterie', 'Commodi adipisci quis tempora commodi ullam rem. Veritatis ea maxime natus aut rem asperiores reprehenderit. Numquam reiciendis quo numquam eligendi iure laboriosam atque.'),
(670, 335, 'régie', 'Aut esse amet dolor commodi laboriosam. Sit doloribus quia excepturi dolore molestiae adipisci sint. Sapiente eos perspiciatis pariatur numquam et aspernatur non in. Placeat natus rem recusandae aut.'),
(671, 335, 'sécurité', 'Quisquam hic delectus autem sed beatae atque rem. Commodi quibusdam sequi ut sint molestiae est corporis. Rem velit error deserunt.'),
(672, 336, 'administration', 'Nihil a est quia atque omnis. Doloribus ipsa ut occaecati velit quaerat et cumque. Itaque dolores deserunt rerum ea molestiae. Porro provident voluptatum dolore debitis.'),
(673, 337, 'sécurité', 'Porro harum deleniti ex quo aut odit. Odit minima pariatur reiciendis qui sint possimus consequatur sed. Recusandae eos et delectus consequatur distinctio id dolor. Delectus quia aut architecto dignissimos. Sequi voluptates et odio ut repudiandae et.'),
(674, 338, 'accompagnement', 'Maiores omnis enim quo voluptas maiores. Esse temporibus consectetur aperiam doloremque voluptates. Temporibus ut incidunt reiciendis pariatur.'),
(675, 338, 'accompagnement', 'Amet et nihil eveniet officiis ipsa perferendis debitis modi. Et voluptas eos nihil culpa repellat rerum doloribus. Dignissimos veniam ut laudantium qui velit at unde. Vitae omnis labore deserunt incidunt.'),
(676, 338, 'bar', 'Voluptatem accusantium voluptates in rerum provident atque voluptates. Et id sunt quo doloribus. Et hic nesciunt ex dolorem sed ea.'),
(677, 339, 'accueil', 'Et aut et non dolor. Reiciendis quia culpa et et eos excepturi dolorem. Porro quia nihil eveniet non perspiciatis.'),
(678, 340, 'accueil', 'Dolorem adipisci est nesciunt sequi accusamus nesciunt. Molestiae quod voluptatibus tempora sunt fugiat dolorem. Ex ut fugiat praesentium sunt est sed illum.'),
(679, 340, 'accueil', 'Voluptatem quae minus aut et aut. Ad natus quia quo quasi non recusandae natus aliquid. Facere ut architecto aut corrupti. Ut ut commodi molestiae vitae quia perferendis maxime quis.'),
(680, 340, 'billetterie', 'In aut debitis vel perspiciatis aut temporibus debitis fuga. Eos et qui deserunt omnis. Soluta esse eos debitis necessitatibus.');

-- --------------------------------------------------------

--
-- Structure de la table `spectateur`
--

CREATE TABLE `spectateur` (
  `id` int(11) NOT NULL,
  `first_name` varchar(128) COLLATE utf8mb4_unicode_ci NOT NULL,
  `last_name` varchar(128) COLLATE utf8mb4_unicode_ci NOT NULL,
  `birthdate` date NOT NULL,
  `city` varchar(64) COLLATE utf8mb4_unicode_ci NOT NULL,
  `country` varchar(64) COLLATE utf8mb4_unicode_ci NOT NULL,
  `email` varchar(255) COLLATE utf8mb4_unicode_ci NOT NULL
) ENGINE=InnoDB DEFAULT CHARSET=utf8mb4 COLLATE=utf8mb4_unicode_ci;

--
-- Déchargement des données de la table `spectateur`
--

INSERT INTO `spectateur` (`id`, `first_name`, `last_name`, `birthdate`, `city`, `country`, `email`) VALUES
(18693, 'Kim', 'Kemmer', '1974-08-31', 'West Mercedesmouth', 'Tuvalu', 'rshanahan@example.org'),
(18694, 'Retha', 'Dooley', '1980-06-07', 'Kutchfurt', 'India', 'tyrel.bartell@example.org'),
(18695, 'Bella', 'Hagenes', '1965-01-27', 'East Alice', 'Wallis and Futuna', 'randal.marks@example.org'),
(18696, 'Jasper', 'Klein', '1970-07-30', 'Lake Freida', 'Italy', 'lrenner@example.com'),
(18697, 'Felicity', 'Hermiston', '1997-10-27', 'Kulasmouth', 'Croatia', 'qsatterfield@example.com'),
(18698, 'Octavia', 'Cole', '1969-02-01', 'Lake Jessyton', 'Ukraine', 'hardy.gutkowski@example.com'),
(18699, 'Ardith', 'Kuvalis', '1969-08-11', 'Torpview', 'Sweden', 'kozey.stacy@example.net'),
(18700, 'Reymundo', 'Monahan', '2005-10-27', 'New Cornell', 'Algeria', 'halvorson.annetta@example.net'),
(18701, 'Maximillia', 'Kautzer', '1972-02-20', 'Port Cordelia', 'Gabon', 'kiarra11@example.org'),
(18702, 'Merl', 'Schneider', '1957-11-15', 'North Floridabury', 'Hungary', 'qcole@example.net'),
(18703, 'Caterina', 'Goldner', '1976-01-01', 'New Caesartown', 'Ethiopia', 'rosemarie13@example.com'),
(18704, 'Dagmar', 'Witting', '1954-09-20', 'Paolostad', 'Spain', 'rosenbaum.reed@example.com'),
(18705, 'Santiago', 'Donnelly', '1953-10-26', 'Port Daveberg', 'Singapore', 'adriel.howell@example.org'),
(18706, 'Hosea', 'Hand', '1983-01-13', 'Darrionmouth', 'Swaziland', 'kessler.vivien@example.com'),
(18707, 'Kali', 'Marvin', '1966-09-08', 'Boehmberg', 'Sri Lanka', 'kuvalis.amanda@example.com'),
(18708, 'Abdul', 'Feeney', '1966-10-07', 'Effieville', 'Rwanda', 'qschumm@example.org'),
(18709, 'Carson', 'Koch', '1961-05-24', 'McKenziefurt', 'Cape Verde', 'mmonahan@example.com'),
(18710, 'Roxanne', 'Stiedemann', '1977-10-26', 'Lake Katherinestad', 'Algeria', 'aoconner@example.org'),
(18711, 'Ashlee', 'Langosh', '1987-04-03', 'Langfurt', 'Ethiopia', 'amie.leffler@example.com'),
(18712, 'Brenna', 'Cummerata', '1984-10-28', 'Maximochester', 'Niue', 'nprosacco@example.net'),
(18713, 'Lucienne', 'Bernhard', '1966-03-31', 'Toneyborough', 'Jersey', 'jaclyn07@example.net'),
(18714, 'Addie', 'Greenholt', '2001-08-07', 'Port Willbury', 'Lebanon', 'qhills@example.com'),
(18715, 'Quinten', 'Murazik', '1972-05-04', 'Port Ally', 'Barbados', 'zelda.tremblay@example.com'),
(18716, 'Oren', 'Harris', '1960-03-17', 'Budshire', 'Mayotte', 'clovis76@example.org'),
(18717, 'Leif', 'Cole', '1999-05-28', 'Port Alekport', 'Rwanda', 'hermann.nia@example.org'),
(18718, 'Dolores', 'Hayes', '1956-07-25', 'Ornchester', 'Samoa', 'osawayn@example.com'),
(18719, 'Willie', 'Mitchell', '2002-11-13', 'Lake Paxton', 'Chile', 'parker.daugherty@example.com'),
(18720, 'Princess', 'Robel', '1980-12-02', 'Lawrencestad', 'Turkmenistan', 'retha.hoppe@example.com'),
(18721, 'Albin', 'Wilderman', '2002-09-09', 'Augustinestad', 'Monaco', 'destin.bogan@example.org'),
(18722, 'Halle', 'Graham', '1955-02-17', 'Bartholomeport', 'Mexico', 'bfritsch@example.net'),
(18723, 'Amina', 'Stanton', '1983-07-13', 'Bartfort', 'Uzbekistan', 'bill.bernier@example.org'),
(18724, 'Raheem', 'Rice', '1959-07-02', 'Orphafurt', 'Mauritius', 'xkoepp@example.com'),
(18725, 'Dejah', 'Kuhic', '1974-10-20', 'New Melyna', 'Uganda', 'wendy.jacobs@example.net'),
(18726, 'Katheryn', 'Beahan', '2006-09-16', 'Bogisichland', 'Central African Republic', 'chance51@example.net'),
(18727, 'Marian', 'McGlynn', '1968-05-25', 'North Kavonbury', 'Honduras', 'abernathy.dallas@example.com'),
(18728, 'Braulio', 'Gusikowski', '1972-04-07', 'New Bailee', 'Marshall Islands', 'sbernier@example.org'),
(18729, 'Kristopher', 'Leuschke', '1966-03-16', 'Kareemmouth', 'Myanmar', 'brown94@example.net'),
(18730, 'Emie', 'Romaguera', '1963-05-01', 'West Sebastianbury', 'Namibia', 'juston86@example.net'),
(18731, 'Brody', 'Bergnaum', '1966-04-23', 'Uptonville', 'Philippines', 'francesca85@example.org'),
(18732, 'Jarrell', 'Beier', '1958-06-27', 'Cruickshanktown', 'Morocco', 'batz.sid@example.net'),
(18733, 'Assunta', 'Wisozk', '1996-04-29', 'New Taureanchester', 'Iran', 'grayson.gorczany@example.org'),
(18734, 'Carlo', 'Parker', '1964-11-29', 'East Johnnyfurt', 'Heard Island and McDonald Islands', 'alphonso.johns@example.net'),
(18735, 'Hilda', 'Jakubowski', '1976-08-08', 'Lake Baylee', 'Israel', 'gerhold.kaylah@example.com'),
(18736, 'Haylie', 'Torphy', '1974-08-30', 'North Davon', 'Niger', 'makayla42@example.org'),
(18737, 'Darrion', 'Roberts', '1967-05-12', 'Lake Kaylahshire', 'Ethiopia', 'ymetz@example.com'),
(18738, 'Sienna', 'Lemke', '1961-01-07', 'Chrismouth', 'Cocos (Keeling) Islands', 'wblick@example.org'),
(18739, 'Dallas', 'Wintheiser', '1971-12-01', 'Annetteville', 'Samoa', 'icie.harber@example.net'),
(18740, 'Destinee', 'Orn', '1987-12-03', 'Prosaccofurt', 'Austria', 'uriah.schroeder@example.net'),
(18741, 'Tyrese', 'Schmeler', '1970-05-08', 'Dietrichview', 'Azerbaijan', 'feil.kacey@example.net'),
(18742, 'Camila', 'Dicki', '1990-02-03', 'Bertramside', 'Gambia', 'agustina78@example.net'),
(18743, 'Carleton', 'Zieme', '2005-05-02', 'South Connie', 'Gabon', 'arianna.lueilwitz@example.com'),
(18744, 'Kaci', 'Kemmer', '1976-08-28', 'New Xzavier', 'Malawi', 'trantow.kadin@example.com'),
(18745, 'Laverna', 'Murray', '1983-09-05', 'South Barbaraton', 'Cyprus', 'cristal.weissnat@example.com'),
(18746, 'Caroline', 'Quitzon', '1986-06-14', 'South Furmanfort', 'Argentina', 'leonel.beier@example.com'),
(18747, 'Jeanie', 'O\'Keefe', '1964-10-06', 'West Kattieport', 'Armenia', 'kaitlin11@example.com'),
(18748, 'Nya', 'Hodkiewicz', '1992-09-04', 'Littelland', 'Puerto Rico', 'verla57@example.org'),
(18749, 'Laron', 'Kassulke', '2007-01-02', 'Armandland', 'Falkland Islands (Malvinas)', 'kelley.kub@example.com'),
(18750, 'Mario', 'Dare', '2001-06-28', 'East Efrentown', 'Turkmenistan', 'rosalee.hessel@example.com'),
(18751, 'Tanner', 'Stokes', '2003-09-15', 'East Precious', 'Thailand', 'klocko.triston@example.net'),
(18752, 'Domingo', 'Ferry', '1974-11-30', 'Lake Annette', 'Saint Lucia', 'srice@example.net'),
(18753, 'Alexandro', 'Ward', '1990-07-18', 'Nikolausbury', 'Dominican Republic', 'eboyle@example.org'),
(18754, 'Alek', 'McCullough', '1958-08-19', 'East Candice', 'Germany', 'dashawn44@example.org'),
(18755, 'Mohamed', 'Parker', '1956-04-13', 'Port Noemi', 'Lebanon', 'moconner@example.org'),
(18756, 'Drake', 'Upton', '1967-06-14', 'Lake Verona', 'India', 'amos.white@example.com'),
(18757, 'Valentine', 'Jones', '1996-06-29', 'Port Adriana', 'United States of America', 'margie.rosenbaum@example.com'),
(18758, 'David', 'Jenkins', '1966-03-05', 'South Ivorymouth', 'Tuvalu', 'lang.nyasia@example.org'),
(18759, 'Lucie', 'Spencer', '1960-08-22', 'Lesterstad', 'French Southern Territories', 'hillary72@example.org'),
(18760, 'Ramon', 'Murazik', '2002-01-17', 'Travisbury', 'Mauritania', 'bartell.leora@example.net'),
(18761, 'Haskell', 'Prosacco', '1983-05-29', 'East Norberto', 'Falkland Islands (Malvinas)', 'madison.hodkiewicz@example.org'),
(18762, 'Rae', 'Runolfsdottir', '1971-10-17', 'Lake Tillman', 'Syrian Arab Republic', 'casper.lura@example.com'),
(18763, 'Dominique', 'Hoppe', '1973-08-19', 'East Meaghan', 'United States Virgin Islands', 'larson.kaia@example.com'),
(18764, 'Lesly', 'Stoltenberg', '1969-03-04', 'North Tamarafort', 'Barbados', 'graham.antonio@example.com'),
(18765, 'Jessica', 'Roberts', '1970-06-06', 'Altheaview', 'Saudi Arabia', 'marlene23@example.com'),
(18766, 'David', 'Haley', '1957-01-15', 'Aleenshire', 'Niger', 'moore.tobin@example.net'),
(18767, 'Pete', 'Mosciski', '1957-10-07', 'Connellyfurt', 'Antarctica (the territory South of 60 deg S)', 'dallin45@example.org'),
(18768, 'Earlene', 'Huel', '1996-11-02', 'North Ulises', 'Barbados', 'lester18@example.net'),
(18769, 'Sabryna', 'Hill', '2004-07-13', 'Port Osbaldo', 'United States Minor Outlying Islands', 'lura.champlin@example.net'),
(18770, 'Addison', 'Kiehn', '1982-10-16', 'Stehrchester', 'Cambodia', 'paxton.wyman@example.com'),
(18771, 'Chad', 'Pagac', '1979-09-09', 'West Celia', 'Guadeloupe', 'jovan.schaefer@example.net'),
(18772, 'Michele', 'Denesik', '1981-10-17', 'Haydenmouth', 'Estonia', 'ashlynn07@example.com'),
(18773, 'Kaylin', 'Vandervort', '1979-07-10', 'Hamillhaven', 'Cook Islands', 'sanford.tressie@example.org'),
(18774, 'Winston', 'Witting', '1966-03-07', 'East Candace', 'Grenada', 'ziemann.annabel@example.net'),
(18775, 'Miles', 'Gleichner', '1972-12-25', 'South Horacio', 'Tanzania', 'joaquin22@example.net'),
(18776, 'Hailee', 'Schmitt', '1958-10-06', 'Kuphalborough', 'Panama', 'adan.gislason@example.com'),
(18777, 'Claire', 'Auer', '1976-01-10', 'Lake Kamren', 'Angola', 'kozey.greta@example.org'),
(18778, 'Maya', 'Leffler', '2005-10-11', 'Lake Abigaleton', 'Montserrat', 'agustin.towne@example.net'),
(18779, 'Piper', 'Murazik', '2000-04-26', 'Rennerville', 'Guatemala', 'hayes.florencio@example.com'),
(18780, 'Lura', 'Morar', '2002-01-22', 'Lake Maci', 'Northern Mariana Islands', 'bernhard.caleigh@example.com'),
(18781, 'Gracie', 'West', '1968-05-25', 'Lemkeshire', 'Bermuda', 'giovani09@example.net'),
(18782, 'Ephraim', 'Sanford', '1954-05-13', 'New Scottown', 'Morocco', 'axel76@example.com'),
(18783, 'Otto', 'Stokes', '1964-08-13', 'Lake Mossiemouth', 'Gibraltar', 'keith28@example.com'),
(18784, 'Mallory', 'Herman', '2006-03-26', 'Krisborough', 'Singapore', 'ruby37@example.com'),
(18785, 'Darrion', 'Abernathy', '1985-06-24', 'Corwinland', 'Lao People\'s Democratic Republic', 'sawayn.austyn@example.net'),
(18786, 'Esteban', 'Fisher', '2001-07-08', 'Morissetteland', 'Malaysia', 'wiza.tracy@example.org'),
(18787, 'Alycia', 'Cassin', '1975-04-17', 'Nicolasfurt', 'Mexico', 'jack.becker@example.net'),
(18788, 'Johnnie', 'Schuster', '1979-01-20', 'Connport', 'Hungary', 'ethelyn.kiehn@example.net'),
(18789, 'Leonie', 'Shields', '1979-01-24', 'Jaskolskiville', 'Croatia', 'barton.amina@example.org'),
(18790, 'Daren', 'Rogahn', '1974-08-08', 'Heathcotemouth', 'Indonesia', 'lafayette.gaylord@example.org'),
(18791, 'Arnaldo', 'Powlowski', '2002-12-24', 'Rylanside', 'Niger', 'herman.clifton@example.net'),
(18792, 'Raleigh', 'Graham', '1998-06-20', 'Fredericbury', 'Bouvet Island (Bouvetoya)', 'casper.justice@example.org'),
(18793, 'Alicia', 'Hahn', '1954-02-15', 'Trantowburgh', 'Hungary', 'raynor.cordelia@example.org'),
(18794, 'Kole', 'Greenfelder', '1978-07-17', 'East Forestville', 'Slovenia', 'jarrod86@example.net'),
(18795, 'Elliot', 'Fisher', '1962-09-23', 'Port Rooseveltborough', 'Pakistan', 'trantow.theron@example.com'),
(18796, 'Elinore', 'Grady', '1972-08-28', 'West Jalenhaven', 'Bolivia', 'camylle.konopelski@example.net'),
(18797, 'Berta', 'Jerde', '1986-05-10', 'New Devonte', 'Congo', 'jailyn13@example.org'),
(18798, 'Loyce', 'Hills', '1960-08-07', 'New Robinshire', 'Papua New Guinea', 'qzieme@example.net'),
(18799, 'Elva', 'Cole', '1989-07-23', 'North Marcelinabury', 'Belgium', 'eileen.hegmann@example.org'),
(18800, 'Emil', 'Kling', '1988-11-02', 'Vitoport', 'Uzbekistan', 'romaguera.jasper@example.net'),
(18801, 'Emerald', 'Schuster', '1972-04-20', 'Medhurstport', 'Papua New Guinea', 'mckenzie.wilson@example.net'),
(18802, 'Jaren', 'Zemlak', '1971-09-29', 'Nathanport', 'Slovakia (Slovak Republic)', 'margret.borer@example.com'),
(18803, 'Brooke', 'Connelly', '1991-06-13', 'Carrollshire', 'Luxembourg', 'leone.emmerich@example.com'),
(18804, 'Alford', 'Stoltenberg', '1978-09-24', 'East Katelyn', 'Malawi', 'ykuhn@example.com'),
(18805, 'Golden', 'Schuppe', '1980-02-01', 'South Nettie', 'Canada', 'umcclure@example.org'),
(18806, 'Tiffany', 'Willms', '1991-03-09', 'Port Mavericktown', 'Cote d\'Ivoire', 'pspinka@example.org'),
(18807, 'Lisandro', 'Littel', '2006-01-08', 'Port Oswaldburgh', 'Palau', 'jacynthe70@example.org'),
(18808, 'Jerry', 'Powlowski', '1973-05-18', 'East Herbert', 'Dominican Republic', 'brionna.dibbert@example.org'),
(18809, 'Orion', 'Koelpin', '1987-08-15', 'Trishaton', 'Heard Island and McDonald Islands', 'lang.alexandra@example.org'),
(18810, 'Dameon', 'Rohan', '1990-12-04', 'North Camdenville', 'Turks and Caicos Islands', 'nmuller@example.net'),
(18811, 'Ashtyn', 'Willms', '1993-05-15', 'Keyshawnmouth', 'Burkina Faso', 'koelpin.fleta@example.net'),
(18812, 'Frederic', 'Jerde', '1963-11-04', 'Port Rossie', 'Chile', 'wilton79@example.org'),
(18813, 'Gregory', 'Tromp', '1956-03-25', 'Croninchester', 'Madagascar', 'titus.kautzer@example.com'),
(18814, 'Ezequiel', 'Abbott', '1973-08-16', 'Port Burniceport', 'Norway', 'uziemann@example.net'),
(18815, 'Abby', 'Ratke', '1985-07-19', 'Lake Neil', 'Belarus', 'rbayer@example.com'),
(18816, 'Nettie', 'Schulist', '1987-01-06', 'South Walkermouth', 'Paraguay', 'jharber@example.com'),
(18817, 'Rachelle', 'Harber', '1956-11-22', 'West Lisa', 'Mongolia', 'hudson.katarina@example.net'),
(18818, 'Bradford', 'Dickinson', '1962-12-15', 'Reillybury', 'Palestinian Territories', 'jaskolski.mario@example.org'),
(18819, 'Ezequiel', 'Ankunding', '1999-04-26', 'West Madaline', 'Seychelles', 'lebsack.osborne@example.org'),
(18820, 'Gaetano', 'Denesik', '1955-01-05', 'South Delphabury', 'French Guiana', 'katarina.west@example.org'),
(18821, 'Vern', 'Hoeger', '1987-09-16', 'Parisianberg', 'Nepal', 'elna.barrows@example.org'),
(18822, 'Madilyn', 'Huels', '1993-04-14', 'Lake Camylle', 'China', 'vlowe@example.net'),
(18823, 'Beverly', 'Lockman', '1989-03-02', 'East Dellamouth', 'Saint Kitts and Nevis', 'bosco.assunta@example.com'),
(18824, 'Mayra', 'Howell', '1961-12-18', 'Port Hillard', 'Denmark', 'hollis77@example.com'),
(18825, 'Ardella', 'Lindgren', '2005-12-14', 'East Barneyfurt', 'Mexico', 'lorenza.deckow@example.com'),
(18826, 'Maverick', 'Okuneva', '1961-08-29', 'East Vance', 'Antigua and Barbuda', 'paucek.collin@example.net'),
(18827, 'Furman', 'Lynch', '1955-04-22', 'Port Madonnabury', 'Ireland', 'vkiehn@example.org'),
(18828, 'Margaretta', 'Bahringer', '1991-09-28', 'Heatherland', 'Austria', 'sporer.verla@example.net'),
(18829, 'Adolph', 'Boyle', '1965-08-14', 'Adrienstad', 'Slovakia (Slovak Republic)', 'pearlie.rau@example.net'),
(18830, 'Joelle', 'Roob', '2008-03-02', 'Baileyfort', 'South Georgia and the South Sandwich Islands', 'zdonnelly@example.net'),
(18831, 'Corbin', 'Herman', '1986-12-26', 'West Rosamondfort', 'Iran', 'hershel.lueilwitz@example.net'),
(18832, 'Syble', 'Macejkovic', '1956-01-07', 'South Lonny', 'Guinea', 'anna.mayer@example.net'),
(18833, 'Kenya', 'Simonis', '1975-10-10', 'North Shanieland', 'Albania', 'nona.pfannerstill@example.com'),
(18834, 'Eldora', 'Greenholt', '1975-08-29', 'Lake Lolitashire', 'Singapore', 'larkin.patrick@example.org'),
(18835, 'Isabell', 'Pagac', '1977-09-21', 'Domingoside', 'Saint Vincent and the Grenadines', 'rau.shayne@example.org'),
(18836, 'Ron', 'Baumbach', '1971-01-12', 'Kassulkeview', 'Fiji', 'loraine37@example.org'),
(18837, 'Stanley', 'Kris', '1974-07-30', 'Estelberg', 'Guinea-Bissau', 'thaddeus.stoltenberg@example.net'),
(18838, 'Odie', 'Rogahn', '1966-12-20', 'Ziemetown', 'Jordan', 'hschoen@example.net'),
(18839, 'Jarod', 'Ryan', '1983-05-22', 'Violetfurt', 'Uzbekistan', 'russel.vernie@example.com'),
(18840, 'Donna', 'Gulgowski', '1960-03-26', 'Schambergerland', 'Ghana', 'velva33@example.org'),
(18841, 'Watson', 'Gislason', '2006-07-29', 'Hagenesstad', 'Armenia', 'thomas98@example.org'),
(18842, 'Coralie', 'Paucek', '1996-06-12', 'Port Adaline', 'Burundi', 'homenick.clementine@example.net'),
(18843, 'Austyn', 'Hudson', '2002-12-16', 'Robbhaven', 'Armenia', 'susie25@example.com'),
(18844, 'Abdiel', 'Fisher', '1971-10-27', 'South Lizethborough', 'Papua New Guinea', 'aklocko@example.com'),
(18845, 'Hallie', 'Hills', '2007-02-17', 'McClureland', 'Croatia', 'vwisoky@example.org'),
(18846, 'Lowell', 'Gulgowski', '2006-07-09', 'Wehnerview', 'Argentina', 'okon.leola@example.org'),
(18847, 'Moses', 'VonRueden', '1980-08-22', 'Antoniafurt', 'Philippines', 'helen93@example.com'),
(18848, 'May', 'Howell', '1984-05-22', 'Port Bertrandfurt', 'Iran', 'laura00@example.net'),
(18849, 'Carmine', 'Lubowitz', '1982-03-10', 'East Lewview', 'Ecuador', 'walker.purdy@example.com'),
(18850, 'Dashawn', 'Powlowski', '1955-04-20', 'Bridgetmouth', 'Slovakia (Slovak Republic)', 'ogoyette@example.com'),
(18851, 'Gay', 'Considine', '1956-10-12', 'Janaeberg', 'Denmark', 'bruce27@example.net'),
(18852, 'Savannah', 'Stark', '1954-11-08', 'North Chloeside', 'Equatorial Guinea', 'jamarcus.dicki@example.com'),
(18853, 'Nick', 'Hayes', '2001-10-31', 'Lake Dovieport', 'Slovakia (Slovak Republic)', 'jenkins.sophia@example.com'),
(18854, 'Lafayette', 'White', '1955-08-26', 'South Lennieside', 'Liberia', 'estefania.schuster@example.com'),
(18855, 'Antonina', 'Farrell', '2006-01-17', 'Kuphalton', 'Denmark', 'ukohler@example.org'),
(18856, 'Lexi', 'Moen', '1980-02-04', 'East Eugeneville', 'Saudi Arabia', 'tavares.schultz@example.com'),
(18857, 'Eloy', 'Gleason', '1957-12-13', 'Steuberville', 'Cook Islands', 'caden73@example.org'),
(18858, 'Rowan', 'Botsford', '2005-11-16', 'Port Annamarieside', 'Saint Barthelemy', 'nova51@example.com'),
(18859, 'Mohammed', 'Kris', '1992-10-10', 'Daughertyberg', 'Korea', 'genesis07@example.com'),
(18860, 'Van', 'Simonis', '1969-03-07', 'Millsberg', 'American Samoa', 'royal.bailey@example.org'),
(18861, 'Willow', 'Leuschke', '1965-06-18', 'McLaughlinton', 'Liechtenstein', 'zbins@example.net'),
(18862, 'Trevor', 'Blick', '1986-01-01', 'Kshlerinland', 'Argentina', 'ocronin@example.net'),
(18863, 'Lemuel', 'Runte', '1958-09-19', 'New Antonio', 'Singapore', 'nayeli14@example.com'),
(18864, 'Martine', 'Bashirian', '1954-12-20', 'Eugenemouth', 'Iran', 'tbraun@example.com'),
(18865, 'Darrel', 'Eichmann', '2001-08-23', 'Juniusmouth', 'Cape Verde', 'wunsch.meda@example.com'),
(18866, 'Sonia', 'Bernhard', '1992-06-16', 'North Kristinhaven', 'Honduras', 'acrist@example.com'),
(18867, 'Marina', 'Hessel', '1982-01-07', 'North Eliseo', 'Sao Tome and Principe', 'yzboncak@example.com'),
(18868, 'Kaycee', 'Ritchie', '2003-10-12', 'Vilmaland', 'Jordan', 'metz.shad@example.com'),
(18869, 'Geoffrey', 'Glover', '1989-05-07', 'Bartellland', 'French Polynesia', 'blair.heaney@example.com'),
(18870, 'Laney', 'Green', '1996-03-25', 'Mertzbury', 'Ghana', 'egreen@example.org'),
(18871, 'Estrella', 'Mueller', '1965-10-19', 'Nickolaschester', 'Seychelles', 'vdickinson@example.org'),
(18872, 'Kenton', 'Hickle', '1991-03-21', 'North Ursula', 'Uzbekistan', 'qbednar@example.org'),
(18873, 'Savannah', 'Mante', '2002-10-27', 'Conorbury', 'Bhutan', 'harvey.claud@example.net'),
(18874, 'Celine', 'Metz', '1963-10-15', 'Shieldschester', 'Bahrain', 'zlemke@example.net'),
(18875, 'Shakira', 'Hayes', '1974-07-05', 'Kautzerberg', 'Syrian Arab Republic', 'sylvester15@example.com'),
(18876, 'Kaelyn', 'Williamson', '1989-01-13', 'Yesenialand', 'Luxembourg', 'keira.schaden@example.org'),
(18877, 'Ross', 'Mills', '2002-02-20', 'Gislasonstad', 'Norfolk Island', 'winston27@example.net'),
(18878, 'Alphonso', 'Dooley', '1959-06-14', 'Theoshire', 'Heard Island and McDonald Islands', 'johnpaul.mueller@example.org'),
(18879, 'Esperanza', 'Gleason', '1977-03-02', 'South Alan', 'Comoros', 'krajcik.jamir@example.com'),
(18880, 'Carmen', 'Walsh', '1964-07-08', 'West Ricohaven', 'Iraq', 'sporer.arlie@example.org'),
(18881, 'Clemmie', 'Yundt', '2006-11-02', 'West Boshire', 'Haiti', 'simonis.rowland@example.net'),
(18882, 'Reanna', 'Powlowski', '1953-12-06', 'South Monte', 'Belgium', 'twiegand@example.org'),
(18883, 'Lesly', 'Torp', '1960-02-09', 'Willview', 'Faroe Islands', 'letitia81@example.com'),
(18884, 'Pearl', 'Kuhn', '1982-03-09', 'Reingermouth', 'Luxembourg', 'kling.mabelle@example.com'),
(18885, 'Lorna', 'Mueller', '1983-11-22', 'North Morris', 'Jamaica', 'jasen.considine@example.net'),
(18886, 'Sigurd', 'Lakin', '1964-08-19', 'Port Kiera', 'Serbia', 'ythiel@example.org'),
(18887, 'Faye', 'Christiansen', '1997-01-03', 'Giovanibury', 'Austria', 'keyshawn.lang@example.com'),
(18888, 'Marcella', 'Tromp', '1991-01-27', 'Port Jenachester', 'Barbados', 'trever.koch@example.net'),
(18889, 'Braden', 'Howe', '1987-10-22', 'Reichelbury', 'Slovenia', 'dhodkiewicz@example.net'),
(18890, 'Candice', 'Hackett', '1963-10-26', 'Grahamfurt', 'British Virgin Islands', 'elizabeth.shields@example.com'),
(18891, 'Reed', 'Terry', '1956-09-27', 'Johnstonburgh', 'Bosnia and Herzegovina', 'olson.jeanie@example.net'),
(18892, 'Elinor', 'Gottlieb', '1985-05-17', 'East Kalliemouth', 'Guernsey', 'esther.sporer@example.org'),
(18893, 'Rusty', 'Trantow', '1984-02-04', 'Kianfurt', 'New Caledonia', 'dbashirian@example.com'),
(18894, 'Dave', 'Bartell', '1983-09-22', 'Erdmanborough', 'Seychelles', 'ischiller@example.org'),
(18895, 'Dejuan', 'Wiegand', '1974-06-27', 'Lake Aidanmouth', 'Senegal', 'kshlerin.penelope@example.net'),
(18896, 'Caleb', 'Mills', '1973-08-16', 'West Dixieberg', 'Chile', 'filomena.considine@example.org'),
(18897, 'Bo', 'Dooley', '1965-11-25', 'North Van', 'Timor-Leste', 'bailey.jodie@example.net'),
(18898, 'Kurtis', 'Mayer', '1965-09-14', 'New Aprilberg', 'Azerbaijan', 'maureen71@example.com'),
(18899, 'Emie', 'Trantow', '1991-07-16', 'Sabinaberg', 'Saint Lucia', 'vmclaughlin@example.org'),
(18900, 'Carter', 'Aufderhar', '1974-10-31', 'Andrewburgh', 'Finland', 'weissnat.timmothy@example.com'),
(18901, 'Giovani', 'Kuphal', '1999-10-31', 'South Payton', 'Trinidad and Tobago', 'ahettinger@example.net'),
(18902, 'Ron', 'Keeling', '1992-11-27', 'North Arturoborough', 'Paraguay', 'astroman@example.com'),
(18903, 'Virgil', 'Ruecker', '1973-10-01', 'West Norbert', 'Luxembourg', 'odell.dach@example.net'),
(18904, 'Arlene', 'Wolf', '1989-05-29', 'Harrisborough', 'Norway', 'kirsten.casper@example.net'),
(18905, 'Obie', 'Hammes', '1995-09-25', 'Chynafort', 'Yemen', 'emely.frami@example.org'),
(18906, 'Kira', 'Sipes', '2008-01-09', 'South Odessa', 'Albania', 'mnitzsche@example.org'),
(18907, 'Mae', 'Adams', '1985-10-27', 'South Regan', 'Jordan', 'larue.ortiz@example.net'),
(18908, 'Rylan', 'Effertz', '1973-05-27', 'East Armaniberg', 'Iran', 'hschulist@example.net'),
(18909, 'Kallie', 'Becker', '1973-02-26', 'South Cordeliaville', 'Falkland Islands (Malvinas)', 'noble.jast@example.org'),
(18910, 'Leann', 'Harber', '1979-07-26', 'West Isom', 'Israel', 'kgislason@example.org'),
(18911, 'Stephany', 'Daniel', '1989-09-28', 'New Narcisoside', 'Ethiopia', 'bode.osbaldo@example.com'),
(18912, 'Quentin', 'Shanahan', '1957-08-04', 'Flatleychester', 'Niue', 'fmueller@example.com'),
(18913, 'Alanna', 'Renner', '2003-09-17', 'Lake Immanuel', 'Bahamas', 'emmanuelle78@example.com'),
(18914, 'Hunter', 'Mraz', '1990-04-13', 'North Aron', 'Montenegro', 'hector.beier@example.org'),
(18915, 'Cordia', 'Gerlach', '1959-11-27', 'Denesiktown', 'Antarctica (the territory South of 60 deg S)', 'corwin.nona@example.org'),
(18916, 'Otilia', 'Rice', '1973-11-11', 'South Addie', 'Spain', 'brennon90@example.org'),
(18917, 'Frederik', 'Pagac', '1998-04-16', 'Alethaside', 'France', 'pcarroll@example.org'),
(18918, 'Antonina', 'Lowe', '1999-04-19', 'Port Graysonborough', 'Bulgaria', 'mia.boehm@example.com'),
(18919, 'Wellington', 'Stanton', '1979-01-06', 'Oceaneberg', 'Armenia', 'zfadel@example.com'),
(18920, 'Zena', 'Stiedemann', '1973-06-06', 'New Chet', 'Algeria', 'owilkinson@example.net'),
(18921, 'Gay', 'Morissette', '1963-11-30', 'Port Erik', 'Serbia', 'maggie69@example.net'),
(18922, 'Valentine', 'Abbott', '1977-12-24', 'Keelingbury', 'China', 'quitzon.lawson@example.net'),
(18923, 'Natalia', 'Becker', '1963-08-20', 'Dickensbury', 'Niger', 'zgoodwin@example.org'),
(18924, 'Koby', 'Dietrich', '1965-07-04', 'West Davidview', 'Egypt', 'zmonahan@example.org'),
(18925, 'Abe', 'Reilly', '1996-06-20', 'Mullerbury', 'Benin', 'gerardo.dach@example.org'),
(18926, 'Leonard', 'Doyle', '2003-03-15', 'North Amir', 'Papua New Guinea', 'grunte@example.org'),
(18927, 'Kaleigh', 'Schuster', '2005-10-20', 'North Gabriel', 'Japan', 'krajcik.layne@example.com'),
(18928, 'Johathan', 'Schiller', '1961-03-09', 'Leonchester', 'Croatia', 'trudie.waelchi@example.com'),
(18929, 'Grant', 'Price', '1985-06-30', 'Jailynborough', 'Panama', 'powlowski.estrella@example.org'),
(18930, 'Walter', 'Jenkins', '1974-04-15', 'South Sierraborough', 'Saint Lucia', 'margie.mann@example.net'),
(18931, 'Emilie', 'Kunde', '2006-06-12', 'North Davinmouth', 'Uganda', 'qconnelly@example.com'),
(18932, 'Fermin', 'Kihn', '1954-10-07', 'South Giles', 'Namibia', 'sierra08@example.com'),
(18933, 'Micah', 'Weber', '1981-07-07', 'East Adahberg', 'Australia', 'olin.hauck@example.com'),
(18934, 'Cindy', 'Luettgen', '1975-08-24', 'South Mavisview', 'Brazil', 'aglae.okon@example.net'),
(18935, 'Jordy', 'Reynolds', '1988-01-05', 'North Gladyceview', 'Macedonia', 'fbashirian@example.com'),
(18936, 'Federico', 'Bergstrom', '1984-03-04', 'Wildermanshire', 'Malawi', 'adam.mayer@example.org'),
(18937, 'Wiley', 'Pfeffer', '1999-01-16', 'South Ellieshire', 'Czech Republic', 'isaiah53@example.com'),
(18938, 'Nathaniel', 'Blanda', '1958-06-19', 'Lake Wanda', 'Falkland Islands (Malvinas)', 'amayer@example.com'),
(18939, 'Maximillia', 'Bernier', '1965-09-22', 'Emiliotown', 'Jamaica', 'anthony.reichert@example.org'),
(18940, 'Tyrique', 'Tillman', '1962-09-19', 'O\'Keefeberg', 'Azerbaijan', 'hnienow@example.net'),
(18941, 'Easter', 'Cruickshank', '1954-02-18', 'New Penelopeborough', 'Afghanistan', 'johnathon88@example.org'),
(18942, 'Larue', 'Schaefer', '1996-04-21', 'Robertsborough', 'Serbia', 'thiel.mack@example.net'),
(18943, 'Emile', 'Hackett', '1983-12-01', 'South Simeonfort', 'Puerto Rico', 'kmitchell@example.com'),
(18944, 'Cielo', 'Ratke', '1976-10-12', 'Wademouth', 'Marshall Islands', 'mmuller@example.net'),
(18945, 'Miles', 'Sawayn', '1990-02-13', 'VonRuedenview', 'Argentina', 'yhill@example.com'),
(18946, 'Eleanore', 'Orn', '1994-10-06', 'West Taya', 'Lithuania', 'tcole@example.net'),
(18947, 'Theresa', 'Kerluke', '1964-05-17', 'Mustafashire', 'Argentina', 'annamae.jerde@example.com'),
(18948, 'Jamaal', 'Cole', '1958-07-27', 'North Felipachester', 'Namibia', 'angelina.balistreri@example.com'),
(18949, 'Blair', 'Rodriguez', '2008-02-04', 'North Stephanie', 'Ireland', 'camylle.feest@example.org'),
(18950, 'Jadyn', 'Wyman', '2005-04-20', 'Feeneyview', 'British Indian Ocean Territory (Chagos Archipelago)', 'fisher.hillard@example.com'),
(18951, 'Ezekiel', 'Zboncak', '1986-12-04', 'North Gildaborough', 'Pitcairn Islands', 'orion.hermann@example.com'),
(18952, 'Geovanni', 'Lynch', '1989-01-31', 'New Judson', 'Uruguay', 'torey.jakubowski@example.org'),
(18953, 'Greyson', 'Schuppe', '1954-07-07', 'Wolfport', 'Gibraltar', 'hgutmann@example.org'),
(18954, 'Cole', 'Cartwright', '1972-03-20', 'Wehnerfurt', 'Guatemala', 'jkonopelski@example.net'),
(18955, 'Kailey', 'Anderson', '1954-03-20', 'West Esthermouth', 'Uganda', 'hwilderman@example.com'),
(18956, 'Summer', 'Barrows', '1995-03-24', 'Jaidaburgh', 'Bahamas', 'ymacejkovic@example.net'),
(18957, 'Bernadine', 'Toy', '1984-05-12', 'New Nelda', 'Palestinian Territories', 'abernathy.dandre@example.org'),
(18958, 'Dora', 'Gleichner', '1963-06-06', 'Ansleymouth', 'United States Minor Outlying Islands', 'sid.miller@example.net'),
(18959, 'Kade', 'Kreiger', '1979-04-06', 'South Abbieside', 'Maldives', 'edward.altenwerth@example.org'),
(18960, 'Rhoda', 'Reynolds', '1985-07-08', 'Thalialand', 'Lao People\'s Democratic Republic', 'jasmin00@example.com'),
(18961, 'Bartholome', 'Tremblay', '1980-06-09', 'Ullrichchester', 'Algeria', 'randall.pouros@example.com'),
(18962, 'Amir', 'Gaylord', '1999-12-26', 'West Ray', 'Bulgaria', 'pedro57@example.com'),
(18963, 'Edgar', 'Collier', '1981-03-09', 'Boyermouth', 'Syrian Arab Republic', 'nona.ebert@example.net'),
(18964, 'Nicklaus', 'Barton', '1964-09-18', 'Lanceside', 'United States Virgin Islands', 'fraynor@example.net'),
(18965, 'Dudley', 'Gorczany', '1973-12-28', 'West Brannon', 'Australia', 'arno.lind@example.com'),
(18966, 'Wilfredo', 'Volkman', '1974-02-12', 'Cristopherview', 'Korea', 'koelpin.gerry@example.org'),
(18967, 'Skylar', 'Ferry', '1992-06-27', 'Raphaelfurt', 'Christmas Island', 'juana62@example.com'),
(18968, 'Casimir', 'Romaguera', '1998-06-28', 'Rueckermouth', 'Puerto Rico', 'bergnaum.cornelius@example.org'),
(18969, 'Bernie', 'Mayer', '1990-12-28', 'Kuhlmanmouth', 'Qatar', 'tking@example.com'),
(18970, 'Moriah', 'Goldner', '2001-03-30', 'Lake Devante', 'Guinea-Bissau', 'strosin.kamren@example.net'),
(18971, 'Estel', 'Waters', '1980-03-01', 'Nyasiaview', 'Tunisia', 'madonna27@example.net'),
(18972, 'Jeffry', 'Rutherford', '1997-05-11', 'East Floridaborough', 'Tanzania', 'mclaughlin.oceane@example.org'),
(18973, 'Bernita', 'Vandervort', '1979-02-20', 'Nicolasville', 'Guinea-Bissau', 'rcrist@example.com'),
(18974, 'Lilla', 'Jacobson', '1979-05-03', 'Trantowburgh', 'Christmas Island', 'norberto28@example.org'),
(18975, 'Velva', 'Predovic', '2006-05-24', 'East Alexzander', 'Kuwait', 'ldoyle@example.org'),
(18976, 'Cale', 'Bergnaum', '1984-11-10', 'New Enolamouth', 'Argentina', 'reva.feil@example.com'),
(18977, 'Reynold', 'Hartmann', '2001-06-09', 'North Jaunitafort', 'Czech Republic', 'qwintheiser@example.net'),
(18978, 'Marjory', 'Bogan', '2006-06-30', 'South Wilber', 'Greenland', 'powlowski.harry@example.net'),
(18979, 'Hanna', 'Vandervort', '1984-04-10', 'North Coby', 'Nigeria', 'idickinson@example.org'),
(18980, 'Bernadette', 'Streich', '1991-02-02', 'Tiffanyfort', 'Iraq', 'collier.howard@example.org'),
(18981, 'Kelli', 'Ziemann', '1970-11-15', 'Sandrineton', 'Korea', 'abbie.mcdermott@example.com'),
(18982, 'Maia', 'Okuneva', '1968-02-18', 'West Raphael', 'Congo', 'bernier.clifford@example.net'),
(18983, 'Ludwig', 'Thiel', '1976-06-17', 'Kochfort', 'Saint Barthelemy', 'julius98@example.org'),
(18984, 'Santa', 'Cummerata', '2000-05-12', 'Stiedemannberg', 'United Kingdom', 'thurman.lakin@example.com'),
(18985, 'Marcus', 'Grant', '1965-01-14', 'South Waldoshire', 'Cocos (Keeling) Islands', 'nmueller@example.org'),
(18986, 'Joey', 'Fritsch', '1996-04-05', 'Halieburgh', 'Spain', 'tbarrows@example.org'),
(18987, 'Danial', 'Ortiz', '1979-08-06', 'West Glennieton', 'Panama', 'theron55@example.com'),
(18988, 'Johanna', 'Reilly', '1971-09-27', 'Lake Susan', 'Ghana', 'uriel15@example.net'),
(18989, 'Michaela', 'Bosco', '2003-03-08', 'West Jarrodburgh', 'San Marino', 'moriah28@example.org'),
(18990, 'Ayana', 'Bosco', '2005-06-30', 'Schadenburgh', 'Papua New Guinea', 'adrian.bayer@example.net'),
(18991, 'Dorthy', 'Marvin', '2001-06-13', 'South Ashtonhaven', 'Burkina Faso', 'bboehm@example.com'),
(18992, 'Nathaniel', 'Hoeger', '1963-06-07', 'Port Helen', 'Liechtenstein', 'angus44@example.org'),
(18993, 'Michel', 'Kirlin', '1959-03-01', 'Fayburgh', 'Costa Rica', 'bernier.lolita@example.org'),
(18994, 'Kaleigh', 'Dickinson', '1956-01-24', 'East Carley', 'Guatemala', 'doconnell@example.org'),
(18995, 'Iva', 'Konopelski', '1991-07-09', 'Kohlerbury', 'Benin', 'wilderman.sydnee@example.net'),
(18996, 'Alf', 'Kozey', '1958-03-18', 'Margieburgh', 'Liechtenstein', 'helen.douglas@example.com'),
(18997, 'Anne', 'O\'Keefe', '1972-07-13', 'East Lee', 'Korea', 'fvandervort@example.org'),
(18998, 'D\'angelo', 'Stamm', '1986-06-10', 'Adellland', 'Tokelau', 'elizabeth.wilderman@example.org'),
(18999, 'Yazmin', 'Goldner', '1980-10-11', 'South Khalilland', 'Seychelles', 'cristina.wunsch@example.org'),
(19000, 'Nannie', 'Hermann', '1956-11-07', 'East Toyland', 'Andorra', 'libbie04@example.com'),
(19001, 'Jerel', 'Ernser', '1969-06-07', 'Albinmouth', 'New Zealand', 'leonard62@example.com'),
(19002, 'Luella', 'Bruen', '1987-11-29', 'Abbottside', 'Saint Helena', 'mccullough.adolphus@example.net'),
(19003, 'Ole', 'Boyle', '1978-05-05', 'Lake Krystel', 'Cape Verde', 'braden.strosin@example.org'),
(19004, 'Timothy', 'Robel', '1990-10-10', 'Nashville', 'Suriname', 'toreilly@example.org'),
(19005, 'Ivory', 'Dach', '1971-07-12', 'North Makenziemouth', 'Qatar', 'mills.kristy@example.net'),
(19006, 'Rashad', 'Shanahan', '2003-09-25', 'Lake Lizethburgh', 'Equatorial Guinea', 'wmills@example.com'),
(19007, 'Velda', 'Hamill', '1955-02-05', 'North Ociechester', 'Equatorial Guinea', 'ford.fritsch@example.org'),
(19008, 'Roger', 'Bechtelar', '2005-02-07', 'West Annabelbury', 'Gabon', 'willms.ramiro@example.com'),
(19009, 'Levi', 'Willms', '1991-06-30', 'East Moseston', 'Costa Rica', 'orn.malachi@example.org'),
(19010, 'Sally', 'Hane', '1982-07-16', 'New Ellie', 'Kuwait', 'dietrich.octavia@example.org'),
(19011, 'Stella', 'Schamberger', '1955-07-20', 'Monserratemouth', 'Heard Island and McDonald Islands', 'layne.heaney@example.net'),
(19012, 'Laura', 'Rice', '1972-04-12', 'Port Tatum', 'Poland', 'berry.auer@example.net'),
(19013, 'Shayne', 'Cassin', '1974-04-23', 'West Chelsea', 'Bahamas', 'madie.koss@example.net'),
(19014, 'Salma', 'Oberbrunner', '1970-09-13', 'Savannafurt', 'Pitcairn Islands', 'vilma.marks@example.org'),
(19015, 'Green', 'Kunze', '1965-11-21', 'Fadelside', 'Guatemala', 'mayert.tierra@example.net'),
(19016, 'Eleonore', 'Aufderhar', '1979-10-18', 'Colefurt', 'Albania', 'kathryn.daniel@example.org'),
(19017, 'Mariah', 'Koelpin', '1996-04-09', 'Port Savanahville', 'Croatia', 'gusikowski.mya@example.net'),
(19018, 'Dariana', 'Heathcote', '1985-03-25', 'Murphychester', 'Sweden', 'betsy.marvin@example.com'),
(19019, 'Cheyenne', 'Macejkovic', '1987-12-27', 'Bulahview', 'Oman', 'tristian56@example.org'),
(19020, 'Davon', 'Mertz', '1966-03-05', 'Hayesstad', 'Saint Barthelemy', 'delpha82@example.org'),
(19021, 'Mohammed', 'Buckridge', '1992-11-04', 'Lake Demond', 'Tunisia', 'russel.verona@example.org'),
(19022, 'Arvel', 'Champlin', '2004-09-23', 'West Titushaven', 'Tanzania', 'cgreenfelder@example.net'),
(19023, 'Britney', 'Kulas', '1974-05-27', 'South Hildegard', 'Martinique', 'prunolfsson@example.net'),
(19024, 'Fabiola', 'Deckow', '1966-02-06', 'West Gaston', 'Martinique', 'harris.britney@example.org'),
(19025, 'Karelle', 'Hermann', '1971-07-21', 'Walterview', 'Germany', 'sanford.brown@example.com'),
(19026, 'Vaughn', 'Walker', '1956-08-24', 'East Samanta', 'Tajikistan', 'frederique73@example.com'),
(19027, 'Albertha', 'Mraz', '2004-05-02', 'West Orabury', 'Nauru', 'aubrey43@example.net'),
(19028, 'Wayne', 'Cartwright', '2006-01-26', 'South Rae', 'Myanmar', 'odie74@example.org'),
(19029, 'Loma', 'Haley', '1982-01-10', 'Lake Agnesshire', 'Afghanistan', 'morissette.jerry@example.net'),
(19030, 'Dorthy', 'Purdy', '1985-01-13', 'Lake Clementine', 'Lithuania', 'jon51@example.net'),
(19031, 'Sierra', 'Hyatt', '1968-04-30', 'Port Evangeline', 'Mauritius', 'efay@example.org'),
(19032, 'Leanne', 'Abernathy', '1955-12-11', 'Leuschkechester', 'Romania', 'bayer.frederique@example.net'),
(19033, 'Laurianne', 'Paucek', '1981-09-21', 'Port Juliastad', 'French Guiana', 'heaney.alphonso@example.com'),
(19034, 'Kyra', 'Waelchi', '1988-06-26', 'New Jamesonhaven', 'Turkey', 'abel.kuhn@example.org'),
(19035, 'Gina', 'Metz', '1987-01-25', 'Liambury', 'Congo', 'yfeeney@example.net'),
(19036, 'Donnell', 'Lesch', '1992-02-14', 'Leschborough', 'Cameroon', 'wintheiser.kaleigh@example.org'),
(19037, 'Edwina', 'Ferry', '1987-08-28', 'Jerometon', 'Mongolia', 'raleigh93@example.net'),
(19038, 'Garrison', 'Daugherty', '2005-03-21', 'East Ardellafort', 'El Salvador', 'fay.monroe@example.com'),
(19039, 'Modesto', 'Lesch', '1979-08-10', 'Jeffereyshire', 'Maldives', 'agustin62@example.org'),
(19040, 'Jazlyn', 'Casper', '1988-12-15', 'Lake Isaac', 'Monaco', 'zpouros@example.org'),
(19041, 'Rodger', 'Aufderhar', '1978-03-12', 'Lake Heloise', 'United Arab Emirates', 'wolff.bud@example.net'),
(19042, 'Erin', 'Kihn', '1965-04-30', 'Sheilaside', 'Japan', 'windler.maye@example.org'),
(19043, 'Emery', 'Schulist', '1973-08-04', 'Reichelborough', 'Pitcairn Islands', 'maida.doyle@example.com'),
(19044, 'Judge', 'Lebsack', '1958-04-23', 'Ruthemouth', 'Christmas Island', 'agustina72@example.com'),
(19045, 'Sarai', 'Watsica', '1984-06-03', 'Lake Eleanore', 'Heard Island and McDonald Islands', 'crooks.damaris@example.org'),
(19046, 'Ryleigh', 'Schowalter', '1956-12-29', 'Lake Archland', 'Hungary', 'grayson16@example.org'),
(19047, 'Marilyne', 'McKenzie', '1989-10-05', 'Littlemouth', 'Australia', 'cwintheiser@example.net'),
(19048, 'Modesto', 'Wolf', '1972-10-09', 'Port Sibyl', 'Eritrea', 'dusty61@example.net'),
(19049, 'Alexis', 'Brown', '1994-04-19', 'Stanfordfurt', 'Papua New Guinea', 'libbie04@example.net'),
(19050, 'Tyson', 'Schmidt', '1998-02-28', 'Keatonton', 'Heard Island and McDonald Islands', 'llegros@example.net'),
(19051, 'Monica', 'Reilly', '1969-09-26', 'West Karafurt', 'Chad', 'djacobs@example.com'),
(19052, 'Reyes', 'Bashirian', '1999-03-01', 'Ladariusborough', 'Romania', 'ken82@example.com'),
(19053, 'Albin', 'Heller', '1974-11-16', 'Lake Alexandriaberg', 'American Samoa', 'qstreich@example.net'),
(19054, 'Rick', 'Corkery', '2002-04-30', 'Gottliebmouth', 'Azerbaijan', 'xsipes@example.net'),
(19055, 'Jarvis', 'O\'Kon', '1980-12-17', 'South Broderickhaven', 'British Virgin Islands', 'bobby.stamm@example.org'),
(19056, 'Annabell', 'Koss', '2006-10-11', 'West Hillaryhaven', 'Madagascar', 'brooks.pouros@example.net'),
(19057, 'Leta', 'Dare', '1991-11-01', 'Skilesbury', 'Morocco', 'gino.moore@example.com'),
(19058, 'Brandon', 'Bernier', '1974-08-27', 'Gaylordfort', 'Latvia', 'nolan55@example.net'),
(19059, 'Garrick', 'Friesen', '1959-04-05', 'Treutelshire', 'Netherlands Antilles', 'owen65@example.com'),
(19060, 'Solon', 'Braun', '1958-09-09', 'Flatleyside', 'Holy See (Vatican City State)', 'oleta09@example.org'),
(19061, 'Terrill', 'Bartell', '1954-02-01', 'Port Coy', 'Trinidad and Tobago', 'alyce.heathcote@example.net'),
(19062, 'Meghan', 'Predovic', '1977-12-24', 'Lake Citlalli', 'Djibouti', 'fstokes@example.net'),
(19063, 'Ross', 'Bosco', '1989-11-12', 'Vivientown', 'Antigua and Barbuda', 'mankunding@example.net'),
(19064, 'Antonina', 'Wilderman', '1960-02-12', 'Sincereberg', 'Luxembourg', 'kbosco@example.net'),
(19065, 'Liliana', 'Spinka', '1990-04-18', 'West Flaviotown', 'Morocco', 'xlabadie@example.com'),
(19066, 'Aaron', 'Price', '1966-08-04', 'East Osbornetown', 'Burkina Faso', 'martin56@example.net'),
(19067, 'Mabelle', 'Bartoletti', '2003-04-20', 'North Hazel', 'Uganda', 'maximilian08@example.net'),
(19068, 'Issac', 'Rohan', '1988-05-27', 'Lake Lauriestad', 'South Georgia and the South Sandwich Islands', 'gkuhn@example.org'),
(19069, 'Ray', 'Crooks', '1975-02-06', 'Millerberg', 'Andorra', 'feeney.gail@example.org'),
(19070, 'Sean', 'Ratke', '1960-07-12', 'Lailafort', 'Aruba', 'durgan.nikolas@example.org'),
(19071, 'Sammie', 'Hickle', '1979-08-31', 'Audieside', 'Djibouti', 'prosacco.willis@example.org'),
(19072, 'Alberto', 'Schneider', '1979-10-16', 'Lake Rodrigoberg', 'Guatemala', 'danika58@example.net'),
(19073, 'Joshuah', 'Wilderman', '2000-06-06', 'West Vitafort', 'Togo', 'zoconner@example.org'),
(19074, 'Payton', 'Powlowski', '1998-08-08', 'Lake Urban', 'Saint Martin', 'dooley.charity@example.net'),
(19075, 'Herta', 'Green', '2005-10-25', 'Kayleighshire', 'United States Minor Outlying Islands', 'danial.damore@example.org'),
(19076, 'Lafayette', 'Gleichner', '1962-08-31', 'West Pansyview', 'Croatia', 'lionel33@example.com'),
(19077, 'Delores', 'Treutel', '1997-05-01', 'Port Delbert', 'Romania', 'marina77@example.net'),
(19078, 'Rylan', 'Langosh', '1999-12-03', 'East Hailie', 'Kazakhstan', 'leanne.mann@example.com'),
(19079, 'Orville', 'Reichert', '2000-01-09', 'Kuvalisland', 'Ethiopia', 'charles.kulas@example.net'),
(19080, 'Elinor', 'Connelly', '1960-12-26', 'Port Quintenshire', 'French Guiana', 'loreilly@example.net'),
(19081, 'Andy', 'Feest', '1985-07-17', 'Okunevaview', 'Namibia', 'king.zelma@example.com'),
(19082, 'Kelton', 'McDermott', '1974-10-17', 'Auerton', 'Turkmenistan', 'baylee78@example.org'),
(19083, 'Vanessa', 'Simonis', '1997-06-03', 'Huelston', 'India', 'marina76@example.com'),
(19084, 'Fletcher', 'Nicolas', '1959-05-09', 'East Samanta', 'Gabon', 'jeffery.ernser@example.com'),
(19085, 'Kari', 'Cormier', '1964-08-05', 'East Lilly', 'Norway', 'gerlach.ransom@example.net'),
(19086, 'Alfonso', 'Terry', '1971-10-25', 'O\'Konside', 'Suriname', 'rlangworth@example.com'),
(19087, 'Elinor', 'Murray', '1994-11-04', 'West Jesusberg', 'Tonga', 'glenda.pfannerstill@example.com'),
(19088, 'Haskell', 'Hahn', '1984-05-06', 'West Joelle', 'Wallis and Futuna', 'uprohaska@example.org'),
(19089, 'Kristy', 'Gorczany', '1999-05-01', 'North Brownland', 'Mayotte', 'osborne.marvin@example.net'),
(19090, 'Keith', 'Eichmann', '2002-04-15', 'Shieldsshire', 'Bermuda', 'trodriguez@example.org'),
(19091, 'Victoria', 'Huel', '2006-05-07', 'Davonteborough', 'Lithuania', 'addison15@example.org'),
(19092, 'Marcellus', 'Cormier', '1957-10-19', 'Lake Toby', 'Anguilla', 'clinton.kunze@example.com'),
(19093, 'Donna', 'Hayes', '1966-12-17', 'South Aprilland', 'Nauru', 'adaline.stokes@example.com'),
(19094, 'Everette', 'O\'Reilly', '2004-02-09', 'Streichport', 'Svalbard & Jan Mayen Islands', 'cartwright.kenyatta@example.org'),
(19095, 'Damon', 'Robel', '1971-04-20', 'South Sydney', 'Saint Lucia', 'jennings.rath@example.com'),
(19096, 'Elfrieda', 'Hessel', '2006-12-19', 'Rhiannonport', 'Macao', 'trycia.koelpin@example.com'),
(19097, 'Abby', 'Balistreri', '1957-06-24', 'Wehnerhaven', 'United Arab Emirates', 'kameron.parker@example.net'),
(19098, 'Lysanne', 'O\'Conner', '1954-11-08', 'East Enafurt', 'Saint Lucia', 'liza87@example.net'),
(19099, 'Jewel', 'Bahringer', '1957-12-01', 'West Kathryne', 'Oman', 'stark.jailyn@example.org'),
(19100, 'Madonna', 'Jast', '1983-05-30', 'Port Russell', 'Aruba', 'weston.dibbert@example.com'),
(19101, 'Hugh', 'Kassulke', '1957-07-22', 'Modestochester', 'Kenya', 'katarina41@example.com'),
(19102, 'Augusta', 'Rippin', '1982-06-27', 'Lake Kalimouth', 'United States of America', 'ramiro45@example.org'),
(19103, 'Sage', 'Pagac', '1974-12-06', 'South Magnolia', 'Mauritius', 'lynch.broderick@example.net'),
(19104, 'Verona', 'Dickens', '1982-08-16', 'Hageneshaven', 'El Salvador', 'jasper.abshire@example.com'),
(19105, 'Adella', 'Daugherty', '1986-04-01', 'Mozellville', 'Turkey', 'goldner.josie@example.com'),
(19106, 'Danial', 'Hartmann', '1975-08-07', 'Sydniebury', 'United States of America', 'angelo.fay@example.com'),
(19107, 'Chris', 'Lebsack', '1988-03-20', 'Port Ludwigfurt', 'Hungary', 'carter57@example.com'),
(19108, 'Doug', 'Kirlin', '2003-08-28', 'Lake Eileenberg', 'Gibraltar', 'sasha.quigley@example.com'),
(19109, 'Boris', 'Mayer', '1978-10-22', 'Lake Justenburgh', 'Timor-Leste', 'eosinski@example.org'),
(19110, 'Eduardo', 'Baumbach', '1979-08-17', 'Lake Alfredo', 'Argentina', 'rachel.pagac@example.org'),
(19111, 'Jordyn', 'Hansen', '1974-03-21', 'Goodwinbury', 'Puerto Rico', 'sophie23@example.org'),
(19112, 'Cleora', 'Gleason', '1986-11-08', 'Darenville', 'Zambia', 'schmidt.evans@example.net'),
(19113, 'Coby', 'Leffler', '1974-03-31', 'North Kallieport', 'United States of America', 'marian83@example.com'),
(19114, 'Casandra', 'Gutmann', '1976-08-10', 'Larissashire', 'Chile', 'arturo36@example.com'),
(19115, 'Trace', 'Rempel', '1995-01-24', 'Port Juwan', 'Monaco', 'littel.deanna@example.net'),
(19116, 'Kamren', 'Quigley', '1968-05-04', 'Dominiquetown', 'Gibraltar', 'zora12@example.com'),
(19117, 'Vernice', 'Windler', '1983-02-07', 'Port Keshaun', 'Martinique', 'zbeahan@example.net'),
(19118, 'Don', 'Mraz', '2006-10-06', 'North Leone', 'Nauru', 'liliana.hudson@example.com'),
(19119, 'Reynold', 'Waters', '1965-04-28', 'New Fabian', 'China', 'demario.fisher@example.com'),
(19120, 'Curt', 'Gulgowski', '2002-10-22', 'East Emery', 'Egypt', 'fritsch.amara@example.org'),
(19121, 'Richmond', 'Conroy', '1966-06-18', 'Leviton', 'Germany', 'arnoldo.brakus@example.net'),
(19122, 'Minnie', 'Schmeler', '1960-04-23', 'Lauramouth', 'Guatemala', 'chadrick.kuvalis@example.net'),
(19123, 'Jillian', 'Hermann', '1987-04-02', 'West Ellsworthview', 'Antigua and Barbuda', 'kvon@example.org'),
(19124, 'Maryam', 'Brown', '1964-10-06', 'South Camryn', 'Italy', 'lupe.hessel@example.org'),
(19125, 'Malinda', 'Dicki', '1971-09-21', 'Mayerton', 'French Guiana', 'ephraim.mccullough@example.net'),
(19126, 'Deontae', 'Kerluke', '1978-11-19', 'Joyhaven', 'Rwanda', 'marie07@example.com'),
(19127, 'Nico', 'Raynor', '1993-07-21', 'New Mark', 'Niue', 'pacocha.janelle@example.net'),
(19128, 'Kathleen', 'O\'Reilly', '1958-10-25', 'South Trudieborough', 'Costa Rica', 'marlin56@example.org'),
(19129, 'Johnson', 'Kunze', '1987-09-27', 'New Juana', 'Cayman Islands', 'qrath@example.net'),
(19130, 'Johann', 'Green', '1960-08-06', 'Port Lavonne', 'Jamaica', 'akuhlman@example.net'),
(19131, 'Anne', 'Doyle', '1998-04-13', 'East Cassidymouth', 'Mauritius', 'steve78@example.com'),
(19132, 'Gordon', 'Upton', '1972-07-28', 'Bettyeville', 'Malawi', 'nathanael.beer@example.net'),
(19133, 'Chaz', 'Reinger', '1962-04-23', 'South Keiratown', 'Uruguay', 'beatty.eldora@example.org'),
(19134, 'Camron', 'Schimmel', '2003-02-11', 'Schimmelport', 'Micronesia', 'khoeger@example.org'),
(19135, 'Jakob', 'Pagac', '1967-10-03', 'East Roycefort', 'Togo', 'zmiller@example.org'),
(19136, 'Ryan', 'Larkin', '1990-09-15', 'Dickibury', 'Thailand', 'mosciski.neoma@example.org'),
(19137, 'Valentin', 'Barrows', '2004-06-20', 'West Cathrynmouth', 'Saint Helena', 'frederick.funk@example.net'),
(19138, 'Ruthe', 'Kirlin', '1999-10-26', 'South Nina', 'San Marino', 'alexandrine.gulgowski@example.org'),
(19139, 'Leopold', 'Fay', '1967-08-05', 'Port Bretland', 'Seychelles', 'robel.estel@example.net'),
(19140, 'Sean', 'Gislason', '2000-03-16', 'East Patburgh', 'Thailand', 'cindy.collier@example.net'),
(19141, 'Nicolette', 'Hirthe', '1982-08-12', 'Ottoburgh', 'Macedonia', 'rashawn.schiller@example.com'),
(19142, 'Sandrine', 'Mayert', '1991-05-03', 'Gislasonside', 'Haiti', 'dubuque.bethany@example.com'),
(19143, 'Nellie', 'Grady', '1975-08-02', 'Lake Adrien', 'Anguilla', 'bergstrom.loraine@example.org'),
(19144, 'Adrienne', 'Schowalter', '2006-07-09', 'New Jayport', 'Chad', 'darrell.hilpert@example.net'),
(19145, 'Eloy', 'Nienow', '2001-01-02', 'East Christa', 'French Guiana', 'otho.balistreri@example.net'),
(19146, 'Major', 'Lemke', '1963-08-16', 'North Issac', 'Niue', 'shills@example.com'),
(19147, 'Valentina', 'Lowe', '1990-10-06', 'West Myahmouth', 'Djibouti', 'kayley86@example.org'),
(19148, 'Scot', 'Heathcote', '1967-03-04', 'Rashadmouth', 'Oman', 'stiedemann.tiana@example.org'),
(19149, 'Jailyn', 'Effertz', '1955-09-07', 'East Armani', 'Brazil', 'josephine69@example.com'),
(19150, 'Candido', 'Turner', '1996-07-29', 'Randaltown', 'Mayotte', 'adrien42@example.net'),
(19151, 'Desiree', 'Zulauf', '1978-06-09', 'Blockstad', 'Croatia', 'libbie.stokes@example.org'),
(19152, 'Giovanni', 'Doyle', '1974-01-15', 'West Arvelbury', 'Monaco', 'wilfrid.pagac@example.com'),
(19153, 'Annabell', 'Rolfson', '1987-03-06', 'Treutelland', 'Jamaica', 'ksatterfield@example.com'),
(19154, 'Kelsi', 'Nolan', '1954-02-02', 'New Burdette', 'Guyana', 'wellington.schinner@example.net'),
(19155, 'Joanie', 'Hermiston', '1988-07-22', 'Port Tonymouth', 'Cambodia', 'karolann56@example.org'),
(19156, 'Selmer', 'Kovacek', '1987-08-25', 'New Hailie', 'Sao Tome and Principe', 'murray.arlo@example.net'),
(19157, 'Leatha', 'Dickens', '1961-07-15', 'West Mollie', 'Portugal', 'darron.robel@example.org'),
(19158, 'Adrianna', 'Gorczany', '2002-10-07', 'South Evans', 'Argentina', 'sfranecki@example.org'),
(19159, 'Derek', 'Lebsack', '2004-02-29', 'North Remington', 'Greenland', 'cleve74@example.com'),
(19160, 'Christophe', 'Kuvalis', '1994-12-25', 'Coleshire', 'Equatorial Guinea', 'billie41@example.org'),
(19161, 'Talia', 'Wintheiser', '1996-08-28', 'South Jacquesshire', 'Togo', 'vwuckert@example.com'),
(19162, 'Vickie', 'Jast', '1973-03-17', 'Port Cleve', 'Mozambique', 'eda.boehm@example.net'),
(19163, 'Lauretta', 'Herzog', '1955-02-03', 'Lake Buckside', 'Estonia', 'hailee.hoeger@example.net'),
(19164, 'Fabiola', 'Effertz', '1990-06-18', 'Wuckertchester', 'Iran', 'creola.hudson@example.net'),
(19165, 'Emelie', 'Kris', '2001-08-26', 'South Kelsie', 'Swaziland', 'joshua52@example.net'),
(19166, 'Edmond', 'Blick', '1983-01-28', 'New Virgieton', 'Kiribati', 'lang.janet@example.com'),
(19167, 'Cody', 'Kemmer', '1957-03-13', 'West Aiyana', 'Isle of Man', 'birdie53@example.org'),
(19168, 'Brionna', 'Labadie', '1995-02-23', 'South Johnathan', 'Bahrain', 'rolfson.devonte@example.org'),
(19169, 'Xander', 'McGlynn', '1991-04-17', 'South Tobyton', 'Guyana', 'qcarroll@example.org'),
(19170, 'Alyce', 'Kulas', '1989-07-21', 'Demondburgh', 'Belgium', 'robin.zulauf@example.org'),
(19171, 'Osbaldo', 'Sawayn', '1964-04-15', 'Abernathyland', 'Comoros', 'marina94@example.com'),
(19172, 'Katelin', 'Dicki', '1957-03-03', 'West Tabitha', 'Saint Helena', 'mallie.haley@example.net'),
(19173, 'Jorge', 'Orn', '1985-01-05', 'East Caitlynville', 'Paraguay', 'roderick.kulas@example.net'),
(19174, 'Vena', 'Kihn', '1987-09-30', 'South Lorenza', 'Cambodia', 'orempel@example.com'),
(19175, 'Greta', 'Simonis', '1983-11-20', 'West Karlland', 'United Arab Emirates', 'usipes@example.org'),
(19176, 'Aurelie', 'Miller', '1963-01-25', 'Lake Dorothyview', 'Cambodia', 'nasir67@example.net'),
(19177, 'Frieda', 'Breitenberg', '1969-03-10', 'Milochester', 'Costa Rica', 'ziemann.jace@example.org'),
(19178, 'Heloise', 'Flatley', '1967-02-24', 'Schuylershire', 'Azerbaijan', 'tyler17@example.com'),
(19179, 'Ulises', 'Braun', '1989-11-24', 'New Hopeland', 'Sierra Leone', 'okeefe.fred@example.org'),
(19180, 'Laney', 'Rau', '2007-01-18', 'Lake Halmouth', 'Bhutan', 'haylee.little@example.com'),
(19181, 'Lyda', 'Kertzmann', '1991-07-21', 'Toniberg', 'Falkland Islands (Malvinas)', 'bolson@example.net'),
(19182, 'Remington', 'Christiansen', '1968-04-02', 'Jacktown', 'Colombia', 'holly.flatley@example.net'),
(19183, 'Cielo', 'McClure', '2001-12-08', 'Port Lourdes', 'Vietnam', 'paolo47@example.net'),
(19184, 'Houston', 'Schmidt', '1964-12-23', 'Alfredoland', 'Jordan', 'neil.carroll@example.org'),
(19185, 'Donnell', 'Cruickshank', '1982-11-18', 'Lake Mathewshire', 'Switzerland', 'eichmann.alexa@example.org'),
(19186, 'Reginald', 'Funk', '1985-09-21', 'Port Alannastad', 'Vietnam', 'vzemlak@example.com'),
(19187, 'Lawrence', 'Schumm', '1972-04-12', 'Lake Christ', 'Benin', 'langworth.wade@example.org'),
(19188, 'Major', 'Hills', '1987-04-04', 'Wunschstad', 'Antigua and Barbuda', 'ozella42@example.org'),
(19189, 'Alek', 'Homenick', '1978-06-16', 'Lexushaven', 'Switzerland', 'mschmidt@example.org'),
(19190, 'Jeffery', 'Price', '1962-01-26', 'North Jovan', 'Morocco', 'horacio86@example.net'),
(19191, 'Cleve', 'Schuppe', '1968-02-20', 'Kaileefort', 'Bolivia', 'jjacobs@example.org'),
(19192, 'Leonel', 'Goldner', '1959-06-22', 'Harrisfort', 'Taiwan', 'kyla.morissette@example.org');

-- --------------------------------------------------------

--
-- Structure de la table `spectateur_artist`
--

CREATE TABLE `spectateur_artist` (
  `spectateur_id` int(11) NOT NULL,
  `artist_id` int(11) NOT NULL
) ENGINE=InnoDB DEFAULT CHARSET=utf8mb4 COLLATE=utf8mb4_unicode_ci;

--
-- Déchargement des données de la table `spectateur_artist`
--

INSERT INTO `spectateur_artist` (`spectateur_id`, `artist_id`) VALUES
(18693, 1705),
(18693, 1763),
(18693, 1814),
(18694, 1651),
(18694, 1679),
(18694, 1741),
(18694, 1767),
(18694, 1817),
(18695, 1645),
(18695, 1655),
(18695, 1664),
(18695, 1697),
(18695, 1739),
(18696, 1634),
(18696, 1654),
(18696, 1679),
(18696, 1736),
(18697, 1641),
(18697, 1656),
(18697, 1669),
(18697, 1682),
(18697, 1694),
(18697, 1760),
(18697, 1800),
(18697, 1810),
(18698, 1722),
(18698, 1729),
(18698, 1770),
(18699, 1691),
(18699, 1701),
(18699, 1748),
(18699, 1769),
(18699, 1776),
(18699, 1807),
(18700, 1643),
(18700, 1671),
(18700, 1736),
(18700, 1757),
(18700, 1776),
(18700, 1780),
(18700, 1799),
(18700, 1820),
(18701, 1684),
(18701, 1706),
(18701, 1746),
(18701, 1749),
(18701, 1792),
(18701, 1809),
(18702, 1672),
(18702, 1700),
(18702, 1759),
(18702, 1764),
(18702, 1798),
(18702, 1804),
(18703, 1724),
(18703, 1735),
(18703, 1812),
(18704, 1637),
(18704, 1654),
(18704, 1661),
(18704, 1744),
(18704, 1751),
(18705, 1668),
(18705, 1677),
(18705, 1746),
(18705, 1767),
(18705, 1815),
(18707, 1705),
(18708, 1672),
(18709, 1633),
(18709, 1665),
(18709, 1684),
(18709, 1704),
(18709, 1813),
(18710, 1623),
(18710, 1695),
(18710, 1749),
(18710, 1750),
(18710, 1798),
(18710, 1806),
(18710, 1809),
(18712, 1645),
(18712, 1703),
(18712, 1706),
(18712, 1724),
(18713, 1668),
(18713, 1680),
(18713, 1696),
(18713, 1760),
(18713, 1763),
(18713, 1771),
(18714, 1638),
(18714, 1708),
(18714, 1713),
(18714, 1737),
(18714, 1793),
(18715, 1658),
(18715, 1707),
(18715, 1708),
(18716, 1632),
(18716, 1660),
(18716, 1706),
(18716, 1709),
(18716, 1775),
(18716, 1804),
(18717, 1657),
(18717, 1705),
(18717, 1761),
(18717, 1777),
(18717, 1818),
(18718, 1643),
(18718, 1658),
(18718, 1691),
(18718, 1692),
(18718, 1721),
(18718, 1731),
(18718, 1742),
(18718, 1820),
(18719, 1621),
(18719, 1782),
(18720, 1658),
(18720, 1695),
(18720, 1751),
(18720, 1786),
(18720, 1791),
(18720, 1813),
(18720, 1817),
(18721, 1735),
(18722, 1735),
(18722, 1737),
(18722, 1743),
(18722, 1751),
(18723, 1645),
(18723, 1665),
(18723, 1814),
(18723, 1816),
(18724, 1691),
(18724, 1705),
(18724, 1722),
(18725, 1670),
(18725, 1740),
(18726, 1745),
(18726, 1771),
(18726, 1799),
(18726, 1816),
(18727, 1636),
(18727, 1654),
(18727, 1661),
(18727, 1677),
(18727, 1767),
(18728, 1691),
(18728, 1753),
(18729, 1719),
(18729, 1730),
(18729, 1771),
(18730, 1715),
(18730, 1719),
(18730, 1723),
(18730, 1778),
(18730, 1786),
(18731, 1726),
(18733, 1653),
(18733, 1731),
(18733, 1740),
(18733, 1742),
(18733, 1745),
(18733, 1783),
(18734, 1652),
(18734, 1688),
(18734, 1732),
(18734, 1746),
(18734, 1750),
(18734, 1778),
(18734, 1792),
(18735, 1627),
(18736, 1697),
(18736, 1780),
(18736, 1782),
(18736, 1808),
(18737, 1673),
(18737, 1691),
(18737, 1698),
(18737, 1798),
(18738, 1708),
(18738, 1781),
(18739, 1651),
(18739, 1652),
(18739, 1670),
(18739, 1671),
(18739, 1725),
(18739, 1802),
(18741, 1633),
(18741, 1763),
(18742, 1621),
(18742, 1632),
(18742, 1685),
(18742, 1694),
(18742, 1705),
(18742, 1754),
(18742, 1801),
(18742, 1811),
(18744, 1712),
(18745, 1794),
(18745, 1805),
(18746, 1637),
(18746, 1673),
(18746, 1704),
(18746, 1742),
(18746, 1773),
(18747, 1621),
(18747, 1650),
(18747, 1706),
(18747, 1711),
(18747, 1766),
(18747, 1792),
(18747, 1808),
(18748, 1777),
(18749, 1684),
(18749, 1772),
(18751, 1628),
(18751, 1658),
(18751, 1672),
(18751, 1677),
(18751, 1730),
(18751, 1797),
(18752, 1685),
(18752, 1785),
(18754, 1731),
(18755, 1621),
(18755, 1661),
(18755, 1695),
(18755, 1816),
(18756, 1654),
(18756, 1686),
(18756, 1707),
(18756, 1713),
(18756, 1738),
(18756, 1742),
(18756, 1761),
(18757, 1640),
(18757, 1655),
(18757, 1664),
(18757, 1666),
(18757, 1728),
(18757, 1797),
(18758, 1728),
(18758, 1765),
(18758, 1777),
(18758, 1792),
(18759, 1650),
(18759, 1794),
(18760, 1690),
(18760, 1744),
(18760, 1806),
(18760, 1808),
(18761, 1714),
(18761, 1723),
(18761, 1749),
(18761, 1770),
(18763, 1654),
(18763, 1712),
(18763, 1716),
(18763, 1727),
(18763, 1761),
(18764, 1634),
(18764, 1752),
(18764, 1814),
(18765, 1622),
(18765, 1742),
(18765, 1755),
(18765, 1810),
(18766, 1622),
(18766, 1629),
(18766, 1679),
(18766, 1727),
(18766, 1764),
(18766, 1807),
(18767, 1663),
(18767, 1685),
(18767, 1728),
(18767, 1752),
(18767, 1772),
(18767, 1786),
(18767, 1795),
(18768, 1667),
(18768, 1689),
(18768, 1691),
(18768, 1700),
(18768, 1711),
(18768, 1734),
(18768, 1800),
(18768, 1817),
(18769, 1635),
(18769, 1648),
(18769, 1683),
(18769, 1737),
(18769, 1801),
(18770, 1667),
(18770, 1719),
(18770, 1780),
(18772, 1689),
(18773, 1689),
(18773, 1757),
(18774, 1646),
(18774, 1760),
(18774, 1797),
(18774, 1800),
(18775, 1642),
(18775, 1677),
(18775, 1684),
(18775, 1776),
(18776, 1771),
(18776, 1789),
(18777, 1721),
(18777, 1770),
(18777, 1771),
(18777, 1812),
(18777, 1815),
(18778, 1784),
(18779, 1711),
(18779, 1774),
(18780, 1680),
(18780, 1803),
(18781, 1644),
(18781, 1702),
(18781, 1780),
(18781, 1790),
(18781, 1791),
(18782, 1672),
(18782, 1719),
(18782, 1740),
(18782, 1784),
(18782, 1790),
(18782, 1797),
(18783, 1621),
(18783, 1677),
(18783, 1683),
(18783, 1816),
(18784, 1747),
(18784, 1755),
(18784, 1773),
(18785, 1649),
(18785, 1650),
(18785, 1682),
(18785, 1693),
(18785, 1771),
(18785, 1787),
(18785, 1788),
(18785, 1807),
(18786, 1678),
(18786, 1681),
(18786, 1684),
(18786, 1713),
(18786, 1722),
(18786, 1786),
(18786, 1796),
(18788, 1644),
(18788, 1760),
(18788, 1796),
(18788, 1800),
(18789, 1635),
(18789, 1694),
(18789, 1726),
(18789, 1816),
(18790, 1644),
(18790, 1690),
(18791, 1693),
(18791, 1702),
(18791, 1745),
(18791, 1752),
(18791, 1760),
(18791, 1791),
(18791, 1799),
(18791, 1820),
(18792, 1672),
(18792, 1725),
(18792, 1758),
(18792, 1761),
(18792, 1787),
(18792, 1795),
(18793, 1645),
(18793, 1657),
(18793, 1690),
(18793, 1708),
(18793, 1756),
(18793, 1806),
(18793, 1816),
(18794, 1633),
(18794, 1654),
(18794, 1681),
(18794, 1712),
(18794, 1728),
(18794, 1772),
(18795, 1748),
(18796, 1707),
(18796, 1765),
(18796, 1807),
(18796, 1808),
(18797, 1659),
(18797, 1756),
(18797, 1783),
(18797, 1810),
(18798, 1633),
(18798, 1644),
(18798, 1722),
(18798, 1751),
(18798, 1778),
(18798, 1791),
(18798, 1799),
(18798, 1817),
(18799, 1635),
(18799, 1655),
(18799, 1689),
(18799, 1785),
(18800, 1649),
(18800, 1690),
(18800, 1726),
(18800, 1738),
(18800, 1745),
(18800, 1786),
(18800, 1796),
(18801, 1642),
(18801, 1779),
(18801, 1819),
(18802, 1725),
(18802, 1735),
(18802, 1737),
(18802, 1752),
(18803, 1749),
(18804, 1796),
(18805, 1672),
(18806, 1623),
(18806, 1653),
(18806, 1671),
(18806, 1698),
(18806, 1731),
(18806, 1802),
(18806, 1814),
(18806, 1818),
(18807, 1668),
(18807, 1785),
(18809, 1707),
(18810, 1643),
(18810, 1670),
(18810, 1680),
(18810, 1685),
(18810, 1721),
(18810, 1782),
(18810, 1799),
(18810, 1818),
(18811, 1683),
(18811, 1765),
(18812, 1637),
(18812, 1686),
(18812, 1740),
(18812, 1749),
(18812, 1750),
(18812, 1774),
(18812, 1785),
(18813, 1633),
(18813, 1638),
(18813, 1658),
(18813, 1662),
(18813, 1688),
(18813, 1783),
(18814, 1623),
(18814, 1630),
(18814, 1656),
(18814, 1681),
(18814, 1699),
(18814, 1729),
(18814, 1733),
(18814, 1755),
(18815, 1696),
(18815, 1769),
(18815, 1784),
(18816, 1700),
(18816, 1720),
(18816, 1734),
(18816, 1748),
(18816, 1789),
(18817, 1670),
(18817, 1722),
(18817, 1744),
(18817, 1786),
(18818, 1625),
(18818, 1651),
(18818, 1722),
(18818, 1743),
(18818, 1771),
(18818, 1783),
(18819, 1654),
(18819, 1656),
(18819, 1657),
(18819, 1701),
(18819, 1726),
(18819, 1760),
(18819, 1773),
(18819, 1776),
(18820, 1629),
(18820, 1671),
(18820, 1676),
(18820, 1790),
(18820, 1797),
(18820, 1820),
(18821, 1646),
(18821, 1648),
(18821, 1658),
(18821, 1687),
(18821, 1705),
(18821, 1756),
(18822, 1682),
(18822, 1743),
(18823, 1634),
(18823, 1639),
(18823, 1660),
(18823, 1723),
(18823, 1724),
(18824, 1624),
(18824, 1635),
(18824, 1693),
(18824, 1722),
(18825, 1665),
(18825, 1697),
(18825, 1727),
(18825, 1750),
(18826, 1647),
(18827, 1797),
(18829, 1706),
(18829, 1728),
(18829, 1757),
(18830, 1627),
(18830, 1661),
(18830, 1696),
(18830, 1711),
(18830, 1769),
(18830, 1808),
(18832, 1647),
(18832, 1660),
(18832, 1684),
(18832, 1787),
(18833, 1648),
(18833, 1650),
(18833, 1679),
(18833, 1725),
(18833, 1778),
(18834, 1630),
(18834, 1650),
(18834, 1651),
(18834, 1765),
(18834, 1775),
(18834, 1787),
(18835, 1631),
(18836, 1631),
(18836, 1698),
(18836, 1714),
(18836, 1725),
(18836, 1731),
(18836, 1750),
(18837, 1628),
(18837, 1634),
(18837, 1686),
(18837, 1688),
(18837, 1711),
(18837, 1767),
(18837, 1772),
(18837, 1798),
(18838, 1685),
(18838, 1779),
(18838, 1809),
(18839, 1648),
(18839, 1701),
(18839, 1750),
(18839, 1761),
(18839, 1807),
(18839, 1813),
(18841, 1622),
(18841, 1685),
(18841, 1741),
(18842, 1674),
(18842, 1766),
(18842, 1777),
(18843, 1632),
(18843, 1637),
(18843, 1643),
(18843, 1670),
(18843, 1689),
(18843, 1726),
(18843, 1741),
(18843, 1816),
(18844, 1633),
(18844, 1802),
(18845, 1630),
(18846, 1627),
(18846, 1687),
(18846, 1721),
(18846, 1748),
(18846, 1793),
(18846, 1806),
(18847, 1649),
(18847, 1686),
(18848, 1650),
(18848, 1792),
(18848, 1800),
(18849, 1698),
(18849, 1740),
(18849, 1774),
(18849, 1818),
(18850, 1647),
(18851, 1637),
(18851, 1643),
(18851, 1731),
(18851, 1735),
(18851, 1793),
(18852, 1646),
(18852, 1712),
(18852, 1746),
(18852, 1767),
(18852, 1786),
(18852, 1798),
(18853, 1641),
(18853, 1652),
(18853, 1721),
(18853, 1745),
(18853, 1756),
(18853, 1781),
(18853, 1782),
(18853, 1809),
(18854, 1671),
(18854, 1714),
(18854, 1752),
(18854, 1803),
(18854, 1811),
(18855, 1641),
(18855, 1644),
(18855, 1676),
(18855, 1700),
(18855, 1718),
(18855, 1813),
(18856, 1648),
(18856, 1725),
(18856, 1781),
(18856, 1807),
(18857, 1647),
(18857, 1649),
(18857, 1661),
(18857, 1753),
(18857, 1789),
(18858, 1654),
(18858, 1676),
(18858, 1686),
(18858, 1729),
(18858, 1745),
(18858, 1760),
(18858, 1764),
(18858, 1809),
(18859, 1749),
(18859, 1751),
(18859, 1762),
(18860, 1697),
(18860, 1725),
(18860, 1757),
(18860, 1770),
(18860, 1790),
(18860, 1813),
(18861, 1636),
(18861, 1650),
(18861, 1696),
(18861, 1774),
(18862, 1720),
(18863, 1627),
(18863, 1671),
(18863, 1680),
(18863, 1687),
(18863, 1724),
(18863, 1731),
(18863, 1746),
(18863, 1806),
(18864, 1656),
(18864, 1719),
(18864, 1731),
(18864, 1735),
(18864, 1740),
(18864, 1748),
(18864, 1819),
(18865, 1634),
(18865, 1657),
(18865, 1698),
(18865, 1743),
(18866, 1627),
(18866, 1755),
(18866, 1772),
(18867, 1778),
(18868, 1626),
(18868, 1627),
(18869, 1631),
(18870, 1632),
(18870, 1641),
(18870, 1655),
(18870, 1704),
(18870, 1741),
(18871, 1699),
(18871, 1754),
(18872, 1637),
(18872, 1700),
(18872, 1738),
(18872, 1809),
(18872, 1819),
(18873, 1626),
(18873, 1633),
(18873, 1672),
(18873, 1681),
(18873, 1805),
(18874, 1621),
(18874, 1628),
(18874, 1640),
(18874, 1663),
(18874, 1767),
(18874, 1802),
(18874, 1803),
(18874, 1814),
(18875, 1629),
(18875, 1659),
(18875, 1664),
(18875, 1695),
(18875, 1755),
(18875, 1757),
(18876, 1644),
(18876, 1695),
(18876, 1748),
(18876, 1815),
(18878, 1725),
(18878, 1735),
(18878, 1773),
(18880, 1659),
(18880, 1666),
(18880, 1680),
(18880, 1692),
(18880, 1710),
(18880, 1728),
(18881, 1642),
(18881, 1725),
(18881, 1769),
(18882, 1764),
(18884, 1625),
(18884, 1646),
(18884, 1652),
(18884, 1706),
(18884, 1711),
(18884, 1731),
(18884, 1760),
(18885, 1655),
(18885, 1679),
(18885, 1691),
(18885, 1710),
(18885, 1730),
(18885, 1779),
(18885, 1784),
(18886, 1663),
(18886, 1675),
(18886, 1767),
(18886, 1770),
(18886, 1808),
(18886, 1816),
(18887, 1713),
(18888, 1630),
(18888, 1771),
(18889, 1643),
(18889, 1731),
(18889, 1779),
(18890, 1812),
(18892, 1770),
(18892, 1774),
(18893, 1644),
(18893, 1689),
(18893, 1694),
(18893, 1697),
(18893, 1750),
(18893, 1784),
(18893, 1785),
(18893, 1809),
(18894, 1646),
(18894, 1812),
(18895, 1816),
(18896, 1647),
(18896, 1668),
(18896, 1713),
(18896, 1722),
(18897, 1688),
(18897, 1711),
(18897, 1715),
(18897, 1726),
(18897, 1731),
(18897, 1741),
(18897, 1805),
(18897, 1815),
(18899, 1760),
(18901, 1680),
(18901, 1705),
(18901, 1723),
(18901, 1741),
(18901, 1755),
(18901, 1779),
(18901, 1784),
(18901, 1789),
(18902, 1626),
(18902, 1640),
(18902, 1667),
(18902, 1673),
(18902, 1725),
(18902, 1744),
(18902, 1769),
(18902, 1811),
(18903, 1665),
(18903, 1779),
(18903, 1783),
(18903, 1815),
(18904, 1659),
(18904, 1666),
(18904, 1695),
(18904, 1706),
(18904, 1737),
(18904, 1770),
(18905, 1627),
(18905, 1660),
(18905, 1685),
(18905, 1698),
(18905, 1702),
(18905, 1796),
(18906, 1627),
(18906, 1674),
(18906, 1693),
(18906, 1785),
(18907, 1656),
(18907, 1749),
(18907, 1764),
(18907, 1769),
(18908, 1680),
(18908, 1735),
(18909, 1666),
(18909, 1689),
(18909, 1692),
(18910, 1647),
(18910, 1650),
(18910, 1657),
(18910, 1682),
(18910, 1778),
(18910, 1806),
(18910, 1810),
(18910, 1814),
(18911, 1631),
(18911, 1675),
(18911, 1676),
(18911, 1698),
(18911, 1814),
(18912, 1703),
(18913, 1675),
(18913, 1688),
(18913, 1721),
(18913, 1724),
(18913, 1738),
(18913, 1763),
(18914, 1679),
(18914, 1683),
(18914, 1743),
(18914, 1757),
(18914, 1790),
(18914, 1791),
(18914, 1817),
(18915, 1763),
(18915, 1766),
(18915, 1770),
(18915, 1808),
(18915, 1813),
(18916, 1682),
(18916, 1694),
(18916, 1761),
(18916, 1785),
(18916, 1798),
(18916, 1811),
(18916, 1812),
(18917, 1680),
(18917, 1716),
(18918, 1645),
(18918, 1727),
(18918, 1736),
(18918, 1778),
(18919, 1739),
(18920, 1621),
(18920, 1635),
(18920, 1664),
(18920, 1668),
(18920, 1742),
(18920, 1780),
(18920, 1791),
(18921, 1656),
(18921, 1683),
(18921, 1687),
(18921, 1701),
(18921, 1723),
(18921, 1735),
(18921, 1761),
(18921, 1780),
(18922, 1637),
(18922, 1647),
(18922, 1696),
(18922, 1714),
(18922, 1758),
(18922, 1761),
(18922, 1807),
(18923, 1689),
(18923, 1732),
(18923, 1751),
(18923, 1776),
(18923, 1787),
(18924, 1644),
(18924, 1741),
(18924, 1745),
(18924, 1766),
(18924, 1776),
(18924, 1813),
(18925, 1629),
(18926, 1632),
(18926, 1752),
(18927, 1633),
(18927, 1655),
(18927, 1670),
(18927, 1705),
(18927, 1706),
(18927, 1712),
(18928, 1666),
(18928, 1671),
(18928, 1791),
(18928, 1794),
(18929, 1629),
(18929, 1676),
(18929, 1797),
(18929, 1812),
(18929, 1815),
(18929, 1818),
(18930, 1808),
(18931, 1646),
(18931, 1668),
(18931, 1675),
(18931, 1781),
(18932, 1621),
(18932, 1652),
(18932, 1658),
(18932, 1663),
(18932, 1750),
(18932, 1752),
(18932, 1785),
(18932, 1795),
(18933, 1629),
(18933, 1633),
(18933, 1638),
(18933, 1691),
(18933, 1700),
(18933, 1779),
(18933, 1782),
(18933, 1798),
(18934, 1661),
(18934, 1678),
(18934, 1681),
(18934, 1694),
(18934, 1706),
(18934, 1774),
(18934, 1799),
(18935, 1626),
(18935, 1631),
(18935, 1642),
(18935, 1694),
(18935, 1725),
(18935, 1749),
(18935, 1770),
(18935, 1806),
(18936, 1661),
(18936, 1664),
(18936, 1703),
(18936, 1710),
(18936, 1734),
(18936, 1742),
(18936, 1760),
(18936, 1781),
(18937, 1644),
(18937, 1703),
(18937, 1763),
(18937, 1789),
(18938, 1624),
(18938, 1684),
(18938, 1712),
(18938, 1771),
(18938, 1808),
(18938, 1817),
(18939, 1628),
(18940, 1671),
(18941, 1666),
(18941, 1675),
(18941, 1702),
(18941, 1739),
(18941, 1777),
(18942, 1666),
(18942, 1685),
(18942, 1706),
(18942, 1723),
(18942, 1746),
(18942, 1762),
(18942, 1768),
(18942, 1783),
(18944, 1644),
(18944, 1665),
(18944, 1723),
(18944, 1728),
(18944, 1758),
(18944, 1781),
(18944, 1795),
(18944, 1808),
(18945, 1638),
(18945, 1656),
(18945, 1674),
(18945, 1750),
(18945, 1802),
(18946, 1649),
(18946, 1668),
(18946, 1670),
(18946, 1708),
(18946, 1801),
(18947, 1661),
(18947, 1799),
(18948, 1632),
(18948, 1661),
(18948, 1670),
(18948, 1693),
(18948, 1697),
(18948, 1718),
(18948, 1731),
(18948, 1820),
(18949, 1706),
(18949, 1710),
(18950, 1668),
(18950, 1676),
(18950, 1683),
(18950, 1709),
(18950, 1778),
(18950, 1813),
(18951, 1625),
(18951, 1626),
(18951, 1651),
(18951, 1767),
(18953, 1732),
(18954, 1641),
(18954, 1687),
(18954, 1708),
(18954, 1717),
(18954, 1722),
(18954, 1732),
(18954, 1781),
(18954, 1805),
(18955, 1627),
(18955, 1631),
(18955, 1633),
(18955, 1722),
(18955, 1788),
(18956, 1816),
(18957, 1711),
(18957, 1736),
(18958, 1701),
(18958, 1782),
(18958, 1801),
(18958, 1816),
(18959, 1636),
(18959, 1638),
(18959, 1684),
(18959, 1711),
(18959, 1773),
(18960, 1723),
(18960, 1783),
(18961, 1629),
(18961, 1633),
(18961, 1676),
(18961, 1702),
(18961, 1720),
(18961, 1770),
(18961, 1816),
(18962, 1668),
(18962, 1725),
(18962, 1760),
(18965, 1629),
(18965, 1658),
(18965, 1660),
(18965, 1665),
(18965, 1791),
(18965, 1812),
(18967, 1622),
(18967, 1686),
(18967, 1696),
(18967, 1760),
(18968, 1645),
(18968, 1792),
(18968, 1815),
(18969, 1820),
(18970, 1666),
(18970, 1685),
(18970, 1734),
(18970, 1735),
(18970, 1751),
(18970, 1795),
(18970, 1798),
(18970, 1819),
(18971, 1627),
(18971, 1646),
(18971, 1658),
(18971, 1684),
(18971, 1723),
(18971, 1743),
(18971, 1756),
(18971, 1800),
(18972, 1625),
(18972, 1636),
(18972, 1741),
(18973, 1699),
(18973, 1730),
(18973, 1792),
(18973, 1802),
(18973, 1804),
(18974, 1738),
(18974, 1806),
(18975, 1646),
(18975, 1651),
(18975, 1656),
(18975, 1659),
(18975, 1730),
(18975, 1764),
(18975, 1793),
(18976, 1628),
(18976, 1643),
(18976, 1651),
(18976, 1655),
(18976, 1683),
(18976, 1733),
(18977, 1732),
(18977, 1759),
(18978, 1632),
(18978, 1637),
(18978, 1675),
(18978, 1698),
(18978, 1706),
(18978, 1719),
(18978, 1768),
(18978, 1788),
(18979, 1626),
(18979, 1691),
(18979, 1701),
(18979, 1746),
(18979, 1768),
(18979, 1783),
(18979, 1816),
(18980, 1625),
(18980, 1645),
(18980, 1657),
(18980, 1682),
(18980, 1723),
(18980, 1746),
(18980, 1750),
(18981, 1642),
(18981, 1644),
(18981, 1647),
(18981, 1728),
(18982, 1683),
(18982, 1688),
(18982, 1700),
(18982, 1762),
(18982, 1809),
(18983, 1642),
(18983, 1660),
(18983, 1729),
(18983, 1740),
(18983, 1785),
(18983, 1806),
(18984, 1631),
(18984, 1679),
(18984, 1708),
(18986, 1788),
(18987, 1626),
(18987, 1696),
(18987, 1785),
(18987, 1811),
(18987, 1813),
(18987, 1816),
(18988, 1720),
(18988, 1776),
(18988, 1782),
(18988, 1809),
(18989, 1680),
(18989, 1707),
(18989, 1726),
(18989, 1749),
(18989, 1771),
(18989, 1795),
(18990, 1784),
(18991, 1645),
(18991, 1650),
(18991, 1664),
(18991, 1669),
(18991, 1795),
(18991, 1806),
(18992, 1697),
(18992, 1737),
(18992, 1745),
(18992, 1807),
(18993, 1794),
(18995, 1638),
(18995, 1652),
(18995, 1697),
(18995, 1708),
(18995, 1717),
(18995, 1730),
(18995, 1739),
(18995, 1800),
(18996, 1631),
(18996, 1667),
(18996, 1703),
(18996, 1767),
(18997, 1675),
(18997, 1777),
(18999, 1729),
(18999, 1732),
(18999, 1793),
(18999, 1818),
(19000, 1724),
(19000, 1791),
(19000, 1819),
(19001, 1625),
(19001, 1665),
(19001, 1667),
(19001, 1678),
(19001, 1686),
(19001, 1732),
(19002, 1665),
(19002, 1676),
(19002, 1792),
(19002, 1801),
(19003, 1675),
(19003, 1681),
(19003, 1753),
(19003, 1764),
(19003, 1780),
(19004, 1647),
(19004, 1810),
(19005, 1623),
(19005, 1640),
(19005, 1690),
(19005, 1738),
(19005, 1743),
(19005, 1795),
(19005, 1806),
(19005, 1807),
(19006, 1653),
(19006, 1663),
(19006, 1695),
(19006, 1729),
(19006, 1736),
(19006, 1753),
(19006, 1781),
(19006, 1783),
(19007, 1622),
(19007, 1718),
(19007, 1757),
(19007, 1767),
(19007, 1771),
(19007, 1775),
(19007, 1808),
(19008, 1676),
(19008, 1752),
(19008, 1807),
(19009, 1625),
(19009, 1752),
(19010, 1686),
(19010, 1701),
(19010, 1709),
(19010, 1712),
(19010, 1792),
(19010, 1799),
(19011, 1654),
(19013, 1662),
(19013, 1693),
(19013, 1699),
(19013, 1715),
(19013, 1726),
(19013, 1762),
(19013, 1776),
(19013, 1806),
(19014, 1625),
(19014, 1645),
(19014, 1682),
(19014, 1742),
(19015, 1656),
(19015, 1657),
(19015, 1674),
(19015, 1712),
(19016, 1627),
(19016, 1668),
(19016, 1712),
(19016, 1734),
(19016, 1749),
(19016, 1751),
(19016, 1753),
(19016, 1774),
(19017, 1626),
(19017, 1661),
(19017, 1663),
(19017, 1671),
(19017, 1696),
(19017, 1710),
(19017, 1761),
(19019, 1668),
(19019, 1705),
(19019, 1710),
(19019, 1718),
(19019, 1723),
(19019, 1734),
(19019, 1752),
(19019, 1784),
(19020, 1653),
(19020, 1657),
(19020, 1716),
(19020, 1737),
(19020, 1786),
(19020, 1789),
(19021, 1650),
(19021, 1675),
(19021, 1696),
(19021, 1722),
(19022, 1626),
(19022, 1638),
(19022, 1643),
(19022, 1645),
(19022, 1674),
(19023, 1655),
(19023, 1657),
(19023, 1678),
(19023, 1682),
(19023, 1686),
(19023, 1715),
(19023, 1741),
(19023, 1788),
(19024, 1651),
(19024, 1709),
(19024, 1716),
(19024, 1727),
(19024, 1770),
(19024, 1798),
(19024, 1801),
(19024, 1809),
(19025, 1742),
(19025, 1795),
(19026, 1628),
(19026, 1647),
(19026, 1650),
(19026, 1770),
(19026, 1818),
(19027, 1644),
(19027, 1679),
(19027, 1691),
(19027, 1708),
(19027, 1714),
(19028, 1624),
(19028, 1635),
(19028, 1646),
(19028, 1696),
(19028, 1758),
(19029, 1737),
(19029, 1795),
(19030, 1640),
(19030, 1693),
(19030, 1749),
(19030, 1751),
(19031, 1648),
(19031, 1690),
(19031, 1709),
(19031, 1811),
(19031, 1816),
(19032, 1685),
(19032, 1734),
(19032, 1736),
(19032, 1752),
(19033, 1654),
(19033, 1676),
(19033, 1712),
(19033, 1715),
(19033, 1773),
(19033, 1780),
(19033, 1800),
(19033, 1801),
(19034, 1678),
(19034, 1680),
(19034, 1709),
(19034, 1717),
(19034, 1722),
(19035, 1626),
(19035, 1651),
(19035, 1676),
(19036, 1621),
(19036, 1756),
(19036, 1808),
(19036, 1815),
(19038, 1783),
(19038, 1795),
(19039, 1629),
(19039, 1661),
(19039, 1664),
(19039, 1719),
(19039, 1762),
(19039, 1804),
(19040, 1645),
(19040, 1677),
(19040, 1699),
(19040, 1703),
(19040, 1752),
(19041, 1710),
(19041, 1757),
(19041, 1777),
(19042, 1644),
(19042, 1657),
(19042, 1672),
(19042, 1725),
(19042, 1731),
(19042, 1782),
(19042, 1787),
(19043, 1728),
(19043, 1731),
(19043, 1775),
(19043, 1776),
(19044, 1658),
(19044, 1686),
(19044, 1732),
(19044, 1807),
(19045, 1694),
(19046, 1743),
(19046, 1803),
(19047, 1668),
(19047, 1766),
(19048, 1623),
(19048, 1729),
(19048, 1747),
(19048, 1759),
(19048, 1766),
(19048, 1798),
(19048, 1803),
(19048, 1814),
(19049, 1657),
(19049, 1663),
(19049, 1702),
(19049, 1730),
(19049, 1749),
(19049, 1779),
(19049, 1788),
(19049, 1819),
(19050, 1631),
(19050, 1634),
(19050, 1675),
(19050, 1678),
(19050, 1692),
(19050, 1761),
(19050, 1801),
(19051, 1628),
(19051, 1632),
(19051, 1658),
(19051, 1673),
(19051, 1681),
(19051, 1703),
(19051, 1801),
(19051, 1815),
(19052, 1624),
(19052, 1677),
(19052, 1716),
(19052, 1728),
(19052, 1773),
(19053, 1622),
(19053, 1688),
(19053, 1704),
(19053, 1773),
(19053, 1795),
(19053, 1798),
(19053, 1808),
(19053, 1811),
(19054, 1623),
(19054, 1625),
(19054, 1638),
(19054, 1642),
(19054, 1669),
(19054, 1743),
(19054, 1754),
(19054, 1773),
(19055, 1626),
(19055, 1648),
(19055, 1659),
(19055, 1662),
(19055, 1685),
(19055, 1732),
(19055, 1771),
(19056, 1649),
(19056, 1750),
(19056, 1776),
(19056, 1784),
(19056, 1804),
(19056, 1810),
(19058, 1649),
(19058, 1686),
(19059, 1654),
(19059, 1757),
(19059, 1759),
(19059, 1812),
(19060, 1631),
(19060, 1636),
(19060, 1679),
(19060, 1680),
(19060, 1747),
(19060, 1753),
(19060, 1796),
(19061, 1631),
(19061, 1668),
(19061, 1672),
(19061, 1725),
(19061, 1747),
(19061, 1762),
(19062, 1662),
(19062, 1706),
(19062, 1734),
(19062, 1809),
(19063, 1718),
(19063, 1761),
(19063, 1767),
(19063, 1794),
(19063, 1809),
(19064, 1702),
(19064, 1704),
(19064, 1715),
(19064, 1721),
(19064, 1741),
(19064, 1811),
(19065, 1634),
(19065, 1653),
(19065, 1685),
(19065, 1711),
(19065, 1713),
(19065, 1733),
(19065, 1742),
(19065, 1806),
(19066, 1669),
(19066, 1683),
(19066, 1775),
(19067, 1621),
(19067, 1626),
(19067, 1677),
(19067, 1679),
(19067, 1690),
(19067, 1800),
(19068, 1712),
(19068, 1794),
(19068, 1817),
(19069, 1630),
(19069, 1652),
(19069, 1662),
(19069, 1687),
(19069, 1744),
(19069, 1775),
(19069, 1782),
(19069, 1790),
(19070, 1699),
(19070, 1738),
(19070, 1770),
(19071, 1647),
(19071, 1708),
(19071, 1734),
(19071, 1802),
(19072, 1661),
(19072, 1683),
(19072, 1738),
(19073, 1720),
(19073, 1760),
(19074, 1682),
(19074, 1697),
(19074, 1708),
(19074, 1711),
(19074, 1728),
(19074, 1783),
(19074, 1811),
(19076, 1660),
(19076, 1680),
(19076, 1750),
(19076, 1752),
(19077, 1654),
(19077, 1685),
(19077, 1695),
(19077, 1704),
(19077, 1709),
(19077, 1761),
(19077, 1783),
(19077, 1787),
(19078, 1705),
(19079, 1743),
(19080, 1749),
(19081, 1650),
(19082, 1643),
(19082, 1757),
(19083, 1634),
(19083, 1686),
(19083, 1719),
(19083, 1736),
(19083, 1752),
(19083, 1793),
(19084, 1704),
(19084, 1736),
(19084, 1755),
(19085, 1753),
(19086, 1687),
(19087, 1643),
(19087, 1673),
(19087, 1686),
(19087, 1695),
(19087, 1751),
(19087, 1759),
(19087, 1788),
(19088, 1623),
(19088, 1638),
(19088, 1672),
(19088, 1720),
(19088, 1729),
(19088, 1800),
(19088, 1816),
(19089, 1685),
(19089, 1736),
(19089, 1750),
(19089, 1757),
(19090, 1628),
(19090, 1648),
(19090, 1650),
(19090, 1698),
(19090, 1703),
(19090, 1753),
(19090, 1816),
(19091, 1645),
(19091, 1668),
(19091, 1707),
(19091, 1769),
(19091, 1782),
(19091, 1783),
(19091, 1805),
(19092, 1709),
(19092, 1717),
(19092, 1813),
(19093, 1656),
(19093, 1743),
(19093, 1777),
(19094, 1661),
(19094, 1664),
(19094, 1715),
(19094, 1754),
(19094, 1755),
(19094, 1805),
(19095, 1653),
(19095, 1746),
(19095, 1768),
(19095, 1782),
(19095, 1802),
(19097, 1621),
(19097, 1645),
(19097, 1657),
(19097, 1671),
(19098, 1811),
(19100, 1637),
(19100, 1679),
(19100, 1684),
(19100, 1770),
(19100, 1779),
(19101, 1663),
(19102, 1690),
(19102, 1707),
(19102, 1719),
(19102, 1727),
(19102, 1781),
(19102, 1786),
(19102, 1790),
(19102, 1803),
(19103, 1628),
(19103, 1654),
(19103, 1707),
(19103, 1712),
(19103, 1766),
(19103, 1772),
(19103, 1785),
(19105, 1797),
(19105, 1800),
(19106, 1631),
(19106, 1634),
(19106, 1685),
(19106, 1717),
(19106, 1772),
(19106, 1775),
(19106, 1777),
(19107, 1798),
(19109, 1668),
(19109, 1693),
(19109, 1791),
(19109, 1793),
(19109, 1795),
(19109, 1806),
(19111, 1669),
(19111, 1721),
(19111, 1773),
(19111, 1790),
(19112, 1626),
(19112, 1629),
(19112, 1634),
(19112, 1639),
(19112, 1716),
(19112, 1768),
(19112, 1771),
(19112, 1801),
(19113, 1661),
(19113, 1665),
(19113, 1691),
(19113, 1732),
(19113, 1747),
(19113, 1787),
(19113, 1796),
(19113, 1819),
(19114, 1637),
(19114, 1667),
(19114, 1737),
(19114, 1742),
(19114, 1807),
(19115, 1636),
(19115, 1651),
(19115, 1703),
(19115, 1742),
(19115, 1750),
(19116, 1647),
(19116, 1706),
(19116, 1719),
(19116, 1757),
(19116, 1773),
(19116, 1808),
(19117, 1633),
(19117, 1734),
(19117, 1789),
(19118, 1646),
(19118, 1721),
(19118, 1740),
(19119, 1622),
(19119, 1666),
(19119, 1778),
(19119, 1817),
(19120, 1723),
(19120, 1733),
(19120, 1742),
(19120, 1787),
(19120, 1794),
(19120, 1800),
(19121, 1733),
(19121, 1778),
(19122, 1632),
(19122, 1758),
(19123, 1644),
(19123, 1705),
(19124, 1623),
(19124, 1772),
(19124, 1775),
(19124, 1799),
(19124, 1801),
(19125, 1622),
(19125, 1623),
(19125, 1640),
(19125, 1715),
(19125, 1775),
(19127, 1657),
(19127, 1662),
(19127, 1713),
(19127, 1720),
(19127, 1782),
(19127, 1796),
(19127, 1811),
(19128, 1628),
(19128, 1633),
(19128, 1673),
(19128, 1717),
(19128, 1733),
(19128, 1748),
(19128, 1820),
(19129, 1754),
(19129, 1760),
(19129, 1783),
(19130, 1654),
(19130, 1696),
(19130, 1697),
(19130, 1709),
(19130, 1724),
(19130, 1732),
(19130, 1769),
(19131, 1627),
(19131, 1633),
(19131, 1669),
(19131, 1699),
(19131, 1730),
(19131, 1734),
(19131, 1785),
(19131, 1816),
(19132, 1807),
(19133, 1645),
(19133, 1696),
(19133, 1734),
(19133, 1752),
(19133, 1791),
(19133, 1808),
(19134, 1663),
(19134, 1675),
(19134, 1726),
(19134, 1761),
(19136, 1818),
(19137, 1622),
(19137, 1625),
(19137, 1698),
(19137, 1732),
(19137, 1754),
(19137, 1757),
(19137, 1818),
(19138, 1654),
(19138, 1733),
(19139, 1633),
(19139, 1638),
(19139, 1684),
(19139, 1720),
(19139, 1758),
(19139, 1778),
(19139, 1787),
(19139, 1794),
(19140, 1757),
(19141, 1627),
(19141, 1676),
(19141, 1683),
(19141, 1690),
(19141, 1708),
(19141, 1742),
(19141, 1755),
(19142, 1653),
(19142, 1698),
(19142, 1709),
(19142, 1720),
(19142, 1769),
(19143, 1652),
(19143, 1740),
(19143, 1797),
(19144, 1629),
(19144, 1764),
(19145, 1663),
(19145, 1681),
(19145, 1698),
(19145, 1796),
(19145, 1815),
(19146, 1685),
(19146, 1696),
(19146, 1719),
(19146, 1729),
(19146, 1738),
(19146, 1806),
(19147, 1640),
(19147, 1738),
(19147, 1784),
(19148, 1677),
(19148, 1683),
(19148, 1701),
(19148, 1716),
(19148, 1751),
(19148, 1770),
(19148, 1789),
(19149, 1621),
(19149, 1642),
(19149, 1658),
(19149, 1659),
(19149, 1671),
(19149, 1684),
(19149, 1736),
(19151, 1626),
(19151, 1656),
(19151, 1659),
(19151, 1703),
(19151, 1729),
(19151, 1735),
(19151, 1786),
(19152, 1622),
(19152, 1626),
(19152, 1640),
(19152, 1690),
(19152, 1761),
(19152, 1795),
(19154, 1644),
(19154, 1742),
(19154, 1757),
(19154, 1763),
(19154, 1800),
(19156, 1632),
(19156, 1718),
(19156, 1767),
(19157, 1674),
(19157, 1716),
(19157, 1794),
(19157, 1813),
(19157, 1815),
(19158, 1680),
(19158, 1728),
(19158, 1759),
(19158, 1786),
(19158, 1790),
(19158, 1819),
(19160, 1790),
(19161, 1663),
(19161, 1669),
(19161, 1745),
(19161, 1778),
(19161, 1812),
(19162, 1657),
(19163, 1693),
(19163, 1706),
(19163, 1719),
(19163, 1767),
(19164, 1633),
(19165, 1688),
(19165, 1758),
(19166, 1730),
(19166, 1754),
(19167, 1642),
(19167, 1707),
(19167, 1748),
(19167, 1759),
(19167, 1790),
(19167, 1805),
(19167, 1809),
(19167, 1819),
(19168, 1624),
(19168, 1666),
(19168, 1700),
(19168, 1705),
(19168, 1723),
(19168, 1744),
(19168, 1764),
(19168, 1780),
(19169, 1637),
(19169, 1642),
(19169, 1652),
(19169, 1665),
(19169, 1752),
(19169, 1777),
(19169, 1785),
(19169, 1820),
(19170, 1661),
(19170, 1670),
(19170, 1700),
(19170, 1769),
(19170, 1776),
(19171, 1806),
(19172, 1681),
(19172, 1691),
(19172, 1730),
(19172, 1771),
(19172, 1786),
(19173, 1622),
(19173, 1670),
(19173, 1685),
(19173, 1764),
(19173, 1802),
(19173, 1810),
(19174, 1792),
(19176, 1621),
(19176, 1628),
(19176, 1656),
(19176, 1699),
(19176, 1735),
(19176, 1819),
(19177, 1627),
(19177, 1647),
(19177, 1656),
(19177, 1668),
(19177, 1713),
(19177, 1726),
(19177, 1767),
(19177, 1784),
(19178, 1750),
(19179, 1629),
(19179, 1693),
(19179, 1712),
(19179, 1747),
(19179, 1793),
(19179, 1807),
(19179, 1813),
(19179, 1820),
(19181, 1629),
(19181, 1670),
(19181, 1705),
(19181, 1711),
(19181, 1719),
(19181, 1721),
(19181, 1741),
(19181, 1786),
(19183, 1737),
(19184, 1642),
(19184, 1702),
(19184, 1744),
(19184, 1770),
(19184, 1789),
(19185, 1652),
(19185, 1728),
(19185, 1780),
(19185, 1797),
(19186, 1676),
(19186, 1789),
(19187, 1700),
(19187, 1703),
(19187, 1748),
(19187, 1750),
(19188, 1685),
(19188, 1691),
(19188, 1754),
(19188, 1776),
(19188, 1797),
(19188, 1802),
(19188, 1819),
(19190, 1671),
(19190, 1700),
(19190, 1704),
(19190, 1734),
(19190, 1736),
(19190, 1798),
(19190, 1807),
(19191, 1651),
(19191, 1736),
(19191, 1741),
(19191, 1749),
(19191, 1816),
(19192, 1667),
(19192, 1706),
(19192, 1755),
(19192, 1773),
(19192, 1790),
(19192, 1805);

-- --------------------------------------------------------

--
-- Structure de la table `staff`
--

CREATE TABLE `staff` (
  `id` int(11) NOT NULL,
  `first_name` varchar(64) COLLATE utf8mb4_unicode_ci NOT NULL,
  `last_name` varchar(64) COLLATE utf8mb4_unicode_ci NOT NULL,
  `phone` varchar(15) COLLATE utf8mb4_unicode_ci NOT NULL
) ENGINE=InnoDB DEFAULT CHARSET=utf8mb4 COLLATE=utf8mb4_unicode_ci;

--
-- Déchargement des données de la table `staff`
--

INSERT INTO `staff` (`id`, `first_name`, `last_name`, `phone`) VALUES
(331, 'Dixie', 'Mraz', '06 06 88 03 99'),
(332, 'Rashad', 'Jast', '06 69 05 49 48'),
(333, 'Frieda', 'Rosenbaum', '07 87 46 71 16'),
(334, 'Bernard', 'Wuckert', '06 38 95 83 68'),
(335, 'Aliya', 'Muller', '07 50 54 94 90'),
(336, 'Isai', 'Jerde', '06 03 50 43 94'),
(337, 'Sven', 'Hodkiewicz', '06 37 39 69 31'),
(338, 'Collin', 'Haley', '06 95 51 29 97'),
(339, 'Sadye', 'Stehr', '07 96 06 36 57'),
(340, 'Foster', 'Funk', '07 42 19 33 24');

-- --------------------------------------------------------

--
-- Structure de la table `technical_constraints`
--

CREATE TABLE `technical_constraints` (
  `id` int(11) NOT NULL,
  `equipment` varchar(128) COLLATE utf8mb4_unicode_ci NOT NULL,
  `description` longtext COLLATE utf8mb4_unicode_ci
) ENGINE=InnoDB DEFAULT CHARSET=utf8mb4 COLLATE=utf8mb4_unicode_ci;

--
-- Déchargement des données de la table `technical_constraints`
--

INSERT INTO `technical_constraints` (`id`, `equipment`, `description`) VALUES
(403, 'Minima totam ut in expedita provident molestiae.', 'Error iure eligendi et nisi maiores blanditiis voluptates. Cum non laboriosam dolores neque. Sequi aut ullam sint culpa nisi. Quos quam magnam consectetur esse explicabo possimus voluptates.'),
(404, 'In ipsa numquam suscipit eveniet beatae id.', 'Nemo aut temporibus similique nisi quam corrupti dolorem qui. Nihil dolores assumenda exercitationem repellat occaecati. Aut quis autem ut possimus et velit repellendus suscipit. Debitis suscipit corrupti placeat aspernatur non delectus ipsa et. Quis recusandae et delectus voluptatem vero.'),
(405, 'Neque sunt atque dicta animi.', 'Ullam enim in itaque facere illum. Fugiat sequi labore qui officiis modi veritatis. Nemo voluptatem esse iure officiis.'),
(406, 'Labore fugiat magnam aliquid tempore odio vel.', 'Ullam illo molestias corrupti officiis. Doloremque nulla unde veniam accusamus placeat eaque saepe. Quaerat odio vel neque vero consequatur fuga illum. Libero non est sunt. Et eius velit dignissimos beatae aliquam.'),
(407, 'Dolore omnis quod hic veniam impedit occaecati.', 'Ut nesciunt dolorem voluptas. Pariatur ut vel eos reprehenderit alias. Quae eos voluptates consequatur quos.'),
(408, 'Similique voluptate non sed et aperiam alias.', 'Praesentium qui quae aliquam nisi rerum. Explicabo laborum ut debitis architecto. Qui ea velit recusandae amet quos quis. Explicabo esse eaque hic perferendis et sit explicabo.'),
(409, 'Corporis neque sapiente sequi id inventore animi nihil.', 'Consequatur molestiae perferendis error magnam aspernatur. Ducimus laborum sunt veritatis a corporis iure et quo. Dolores natus non aperiam aliquid accusantium labore. Modi aut est quaerat quaerat reiciendis aut. Voluptates itaque distinctio quos itaque.'),
(410, 'Molestiae aliquam molestias in enim earum.', 'Laborum aut nisi est minus sint inventore. Minima quasi et sed atque asperiores.'),
(411, 'Amet consequatur et adipisci sunt.', 'Repellat repellendus sequi sunt eligendi quod voluptas illum sit. Aspernatur quo corporis reprehenderit aut et temporibus dolorem.'),
(412, 'Molestias quidem provident dolor omnis.', 'Perferendis ad ad fugiat in non exercitationem. Velit est earum assumenda suscipit eaque eaque. Velit ullam et harum consequatur pariatur.');

-- --------------------------------------------------------

--
-- Structure de la table `technical_constraints_place`
--

CREATE TABLE `technical_constraints_place` (
  `technical_constraints_id` int(11) NOT NULL,
  `place_id` int(11) NOT NULL
) ENGINE=InnoDB DEFAULT CHARSET=utf8mb4 COLLATE=utf8mb4_unicode_ci;

--
-- Déchargement des données de la table `technical_constraints_place`
--

INSERT INTO `technical_constraints_place` (`technical_constraints_id`, `place_id`) VALUES
(403, 159),
(404, 159),
(405, 159),
(406, 160),
(407, 161),
(408, 162),
(409, 162),
(410, 163),
(411, 163),
(412, 163);

-- --------------------------------------------------------

--
-- Structure de la table `ticket`
--

CREATE TABLE `ticket` (
  `id` int(11) NOT NULL,
  `spectator_id` int(11) DEFAULT NULL,
  `concert_id` int(11) DEFAULT NULL,
  `price_id` int(11) DEFAULT NULL,
  `rank` varchar(2) COLLATE utf8mb4_unicode_ci NOT NULL,
  `place` int(11) NOT NULL
) ENGINE=InnoDB DEFAULT CHARSET=utf8mb4 COLLATE=utf8mb4_unicode_ci;

--
-- Déchargement des données de la table `ticket`
--

INSERT INTO `ticket` (`id`, `spectator_id`, `concert_id`, `price_id`, `rank`, `place`) VALUES
(8398, 18897, 168, 315, 'C', 28),
(8399, 18719, 174, 317, 'V', 25),
(8400, 19185, 175, 320, 'B', 12),
(8401, 19174, 171, 320, 'F', 7),
(8402, 19135, 171, 315, 'F', 77),
(8403, 18863, 168, 314, 'Y', 96),
(8404, 19156, 172, 313, 'Q', 93),
(8405, 18731, 173, 316, 'R', 54),
(8406, 18733, 171, 320, 'W', 55),
(8407, 18910, 174, 315, 'F', 83),
(8408, 18742, 176, 318, 'N', 98),
(8409, 18944, 169, 316, 'Z', 81),
(8410, 18794, 176, 313, 'H', 1),
(8411, 19032, 173, 318, 'C', 10),
(8412, 18713, 175, 316, 'G', 70),
(8413, 18998, 174, 319, 'R', 52),
(8414, 18844, 170, 320, 'E', 29),
(8415, 18812, 172, 318, 'F', 86),
(8416, 18895, 175, 320, 'C', 55),
(8417, 19119, 174, 315, 'F', 88),
(8418, 19121, 177, 315, 'T', 14),
(8419, 19019, 169, 314, 'R', 92),
(8420, 18755, 169, 316, 'K', 36),
(8421, 19119, 173, 320, 'X', 92),
(8422, 18854, 175, 311, 'I', 36),
(8423, 18870, 173, 313, 'A', 52),
(8424, 18770, 169, 320, 'Z', 3),
(8425, 19058, 174, 317, 'N', 48),
(8426, 19070, 170, 317, 'U', 86),
(8427, 19002, 176, 320, 'I', 73),
(8428, 18840, 168, 312, 'X', 5),
(8429, 18830, 170, 315, 'V', 4),
(8430, 18842, 168, 320, 'F', 54),
(8431, 19113, 168, 318, 'A', 62),
(8432, 18914, 168, 319, 'N', 80),
(8433, 18845, 172, 314, 'W', 61),
(8434, 18839, 172, 315, 'M', 14),
(8435, 18803, 170, 315, 'T', 30),
(8436, 19090, 170, 312, 'I', 58),
(8437, 19163, 175, 315, 'A', 24),
(8438, 18958, 176, 316, 'K', 82),
(8439, 19116, 174, 312, 'B', 25),
(8440, 18921, 176, 320, 'J', 69),
(8441, 18861, 176, 314, 'Q', 58),
(8442, 18981, 171, 312, 'E', 73),
(8443, 18749, 168, 311, 'A', 73),
(8444, 19043, 174, 314, 'P', 9),
(8445, 19032, 171, 317, 'F', 23),
(8446, 18882, 173, 319, 'K', 68),
(8447, 19056, 169, 311, 'T', 86),
(8448, 19155, 173, 313, 'A', 58),
(8449, 18784, 171, 318, 'S', 25),
(8450, 18846, 171, 313, 'L', 74),
(8451, 18863, 171, 311, 'B', 64),
(8452, 19032, 168, 315, 'M', 57),
(8453, 19049, 176, 316, 'T', 2),
(8454, 19000, 177, 318, 'C', 58),
(8455, 19050, 174, 320, 'U', 44),
(8456, 19115, 174, 311, 'K', 89),
(8457, 18696, 174, 318, 'P', 77),
(8458, 18737, 170, 317, 'M', 87),
(8459, 18910, 177, 312, 'B', 99),
(8460, 18761, 173, 315, 'Q', 8),
(8461, 19054, 168, 311, 'C', 11),
(8462, 19067, 174, 313, 'B', 58),
(8463, 18963, 175, 312, 'K', 77),
(8464, 18923, 170, 311, 'Z', 32),
(8465, 18921, 173, 318, 'A', 73),
(8466, 18837, 170, 317, 'A', 57),
(8467, 18773, 170, 313, 'P', 98),
(8468, 18944, 173, 314, 'X', 85),
(8469, 18833, 172, 314, 'R', 21),
(8470, 19170, 172, 311, 'O', 35),
(8471, 19126, 177, 311, 'L', 26),
(8472, 18743, 172, 316, 'F', 24),
(8473, 18853, 177, 312, 'S', 38),
(8474, 18702, 168, 314, 'T', 77),
(8475, 19177, 177, 319, 'U', 58),
(8476, 18793, 176, 318, 'G', 80),
(8477, 19047, 174, 320, 'M', 80),
(8478, 18708, 174, 311, 'H', 49),
(8479, 19192, 175, 319, 'G', 32),
(8480, 18931, 168, 318, 'A', 30),
(8481, 18729, 175, 319, 'A', 18),
(8482, 19015, 170, 315, 'Q', 29),
(8483, 18990, 172, 319, 'H', 75),
(8484, 18800, 168, 311, 'T', 54),
(8485, 18695, 168, 312, 'F', 53),
(8486, 18805, 175, 316, 'Q', 83),
(8487, 19166, 172, 315, 'T', 81),
(8488, 18842, 172, 320, 'M', 39),
(8489, 18981, 170, 314, 'N', 50),
(8490, 18710, 170, 319, 'Q', 94),
(8491, 18844, 177, 318, 'L', 96),
(8492, 19048, 175, 315, 'S', 95),
(8493, 19152, 174, 317, 'H', 46),
(8494, 18837, 174, 313, 'I', 6),
(8495, 18785, 174, 315, 'G', 67),
(8496, 18979, 177, 320, 'Z', 99),
(8497, 18817, 170, 315, 'W', 50),
(8498, 18859, 176, 319, 'O', 41),
(8499, 18952, 175, 313, 'I', 28),
(8500, 19075, 174, 319, 'J', 85),
(8501, 18697, 171, 313, 'S', 54),
(8502, 19035, 175, 314, 'B', 63),
(8503, 19028, 175, 311, 'U', 13),
(8504, 19157, 170, 311, 'N', 46),
(8505, 18898, 176, 314, 'G', 96),
(8506, 18824, 174, 312, 'I', 52),
(8507, 18832, 175, 319, 'V', 93),
(8508, 19086, 171, 317, 'I', 66),
(8509, 19066, 176, 319, 'N', 34),
(8510, 19112, 168, 318, 'X', 31),
(8511, 19130, 171, 311, 'M', 50),
(8512, 19109, 173, 316, 'Z', 22),
(8513, 19014, 171, 312, 'A', 66),
(8514, 18869, 174, 317, 'Q', 2),
(8515, 19093, 173, 316, 'P', 35),
(8516, 19099, 175, 317, 'T', 61),
(8517, 19068, 172, 311, 'T', 43),
(8518, 19143, 173, 316, 'W', 68),
(8519, 19137, 176, 316, 'X', 55),
(8520, 18875, 174, 316, 'I', 2),
(8521, 19038, 172, 316, 'N', 42),
(8522, 18842, 176, 313, 'E', 60),
(8523, 18883, 175, 317, 'X', 77),
(8524, 18926, 173, 312, 'N', 9),
(8525, 18834, 177, 313, 'Z', 36),
(8526, 19111, 168, 318, 'L', 70),
(8527, 18737, 169, 314, 'H', 24),
(8528, 18979, 172, 319, 'K', 25),
(8529, 19043, 169, 318, 'P', 98),
(8530, 19014, 175, 311, 'F', 66),
(8531, 18709, 175, 317, 'V', 69),
(8532, 19009, 173, 320, 'H', 23),
(8533, 19177, 170, 313, 'D', 10),
(8534, 18924, 169, 312, 'C', 84),
(8535, 18916, 175, 318, 'V', 16),
(8536, 18710, 171, 317, 'S', 15),
(8537, 19052, 177, 312, 'E', 5),
(8538, 19100, 170, 317, 'D', 19),
(8539, 18725, 176, 317, 'A', 17),
(8540, 18771, 173, 312, 'R', 49),
(8541, 19045, 170, 311, 'G', 42),
(8542, 18718, 176, 320, 'X', 14),
(8543, 18765, 169, 315, 'R', 47),
(8544, 18939, 171, 317, 'H', 81),
(8545, 18897, 176, 315, 'L', 80),
(8546, 18791, 171, 316, 'D', 96),
(8547, 18908, 171, 317, 'O', 23),
(8548, 18928, 168, 312, 'U', 59),
(8549, 18988, 168, 318, 'M', 27),
(8550, 19182, 173, 314, 'F', 70),
(8551, 18996, 176, 312, 'I', 77),
(8552, 18930, 175, 319, 'G', 91),
(8553, 18760, 174, 318, 'I', 89),
(8554, 18931, 174, 312, 'T', 81),
(8555, 19062, 173, 315, 'D', 5),
(8556, 19003, 177, 315, 'R', 6),
(8557, 18919, 173, 316, 'Z', 27),
(8558, 18695, 169, 320, 'H', 87),
(8559, 18786, 177, 311, 'W', 2),
(8560, 19087, 173, 312, 'X', 63),
(8561, 19184, 172, 320, 'J', 1),
(8562, 19027, 171, 313, 'Z', 81),
(8563, 19093, 177, 313, 'Y', 86),
(8564, 18876, 169, 319, 'Q', 38),
(8565, 18888, 170, 315, 'M', 49),
(8566, 19134, 176, 315, 'F', 21),
(8567, 19176, 173, 317, 'Z', 19),
(8568, 19036, 172, 312, 'W', 26),
(8569, 19002, 168, 318, 'Y', 34),
(8570, 18747, 171, 315, 'K', 39),
(8571, 19088, 177, 313, 'L', 34),
(8572, 18778, 173, 313, 'L', 61),
(8573, 19112, 173, 317, 'Z', 15),
(8574, 18904, 175, 312, 'M', 28),
(8575, 19106, 168, 319, 'A', 3),
(8576, 18882, 170, 316, 'A', 77),
(8577, 19106, 170, 315, 'T', 14),
(8578, 18988, 171, 318, 'S', 30),
(8579, 18865, 169, 312, 'M', 39),
(8580, 19117, 169, 311, 'F', 18),
(8581, 18848, 170, 316, 'K', 9),
(8582, 19022, 176, 311, 'T', 6),
(8583, 18712, 177, 319, 'B', 39),
(8584, 18808, 175, 317, 'Q', 49),
(8585, 19098, 175, 319, 'E', 71),
(8586, 18825, 174, 320, 'D', 30),
(8587, 18794, 170, 312, 'R', 57),
(8588, 19076, 172, 314, 'X', 34),
(8589, 19150, 177, 318, 'K', 28),
(8590, 19106, 170, 318, 'Y', 4),
(8591, 18872, 171, 315, 'I', 69),
(8592, 19093, 172, 317, 'T', 20),
(8593, 19160, 169, 311, 'T', 41),
(8594, 18800, 176, 315, 'R', 73),
(8595, 18982, 177, 311, 'N', 23),
(8596, 19133, 177, 317, 'S', 73),
(8597, 18759, 173, 319, 'K', 70),
(8598, 18792, 173, 319, 'X', 52),
(8599, 18953, 172, 315, 'Y', 83),
(8600, 18836, 177, 319, 'U', 66),
(8601, 18762, 176, 319, 'B', 13),
(8602, 19190, 175, 319, 'Z', 32),
(8603, 19067, 169, 314, 'W', 89),
(8604, 18805, 177, 317, 'F', 37),
(8605, 19098, 174, 311, 'E', 45),
(8606, 18718, 173, 315, 'L', 74),
(8607, 18796, 168, 319, 'N', 31),
(8608, 18960, 174, 314, 'X', 35),
(8609, 18982, 177, 319, 'N', 72),
(8610, 18912, 169, 312, 'K', 25),
(8611, 18989, 172, 314, 'N', 38),
(8612, 18956, 174, 314, 'O', 93),
(8613, 18698, 177, 312, 'T', 73),
(8614, 18909, 177, 317, 'C', 85),
(8615, 18714, 172, 312, 'F', 81),
(8616, 19072, 177, 311, 'T', 44),
(8617, 19110, 175, 317, 'J', 34),
(8618, 19103, 175, 319, 'I', 16),
(8619, 19124, 168, 312, 'S', 34),
(8620, 19132, 177, 318, 'Y', 48),
(8621, 18911, 173, 316, 'Y', 36),
(8622, 19188, 172, 316, 'O', 85),
(8623, 18729, 173, 318, 'I', 9),
(8624, 18921, 177, 316, 'R', 20),
(8625, 18933, 169, 315, 'V', 79),
(8626, 19183, 170, 314, 'G', 30),
(8627, 19036, 175, 311, 'E', 27),
(8628, 19052, 176, 312, 'R', 34),
(8629, 18979, 169, 314, 'J', 3),
(8630, 18713, 174, 318, 'A', 78),
(8631, 19079, 168, 316, 'Z', 7),
(8632, 18810, 174, 312, 'O', 59),
(8633, 19011, 168, 314, 'U', 87),
(8634, 18880, 168, 318, 'O', 51),
(8635, 18904, 173, 320, 'P', 47),
(8636, 19188, 168, 320, 'H', 55),
(8637, 18891, 172, 319, 'N', 71),
(8638, 18923, 173, 319, 'R', 22),
(8639, 19125, 172, 320, 'B', 43),
(8640, 18996, 175, 314, 'W', 7),
(8641, 18985, 174, 320, 'C', 22),
(8642, 18866, 168, 316, 'D', 70),
(8643, 18842, 169, 316, 'G', 32),
(8644, 18788, 171, 312, 'H', 34),
(8645, 18816, 170, 312, 'Q', 15),
(8646, 18893, 172, 314, 'W', 5),
(8647, 18810, 176, 320, 'J', 4),
(8648, 19136, 171, 319, 'T', 59),
(8649, 18969, 177, 318, 'K', 79),
(8650, 18740, 173, 316, 'L', 22),
(8651, 19125, 169, 315, 'W', 65),
(8652, 18758, 174, 317, 'T', 11),
(8653, 18720, 175, 315, 'L', 19),
(8654, 18919, 175, 311, 'E', 86),
(8655, 18769, 171, 318, 'G', 42),
(8656, 19091, 174, 313, 'F', 87),
(8657, 18769, 174, 315, 'M', 39),
(8658, 19085, 172, 318, 'T', 11),
(8659, 18927, 177, 313, 'S', 79),
(8660, 18980, 171, 311, 'E', 10),
(8661, 19008, 172, 315, 'V', 14),
(8662, 19059, 175, 319, 'S', 36),
(8663, 19105, 171, 315, 'T', 1),
(8664, 18831, 169, 311, 'H', 99),
(8665, 18863, 172, 311, 'Q', 95),
(8666, 18701, 169, 316, 'M', 72),
(8667, 18820, 170, 319, 'M', 95),
(8668, 18784, 173, 320, 'T', 10),
(8669, 18730, 172, 314, 'Y', 53),
(8670, 19120, 170, 317, 'W', 59),
(8671, 18808, 168, 313, 'G', 19),
(8672, 19166, 174, 317, 'G', 94),
(8673, 19023, 176, 311, 'I', 55),
(8674, 18825, 175, 318, 'M', 80),
(8675, 18984, 173, 315, 'C', 60),
(8676, 19166, 169, 312, 'Q', 62),
(8677, 19142, 173, 312, 'I', 96),
(8678, 19069, 168, 315, 'B', 44),
(8679, 18799, 175, 318, 'F', 17),
(8680, 18772, 175, 316, 'N', 70),
(8681, 19102, 176, 312, 'J', 44),
(8682, 18873, 170, 311, 'A', 28),
(8683, 18891, 170, 316, 'Q', 2),
(8684, 19146, 168, 312, 'V', 37),
(8685, 19173, 175, 315, 'N', 39),
(8686, 18828, 173, 312, 'R', 25),
(8687, 19170, 168, 319, 'D', 29),
(8688, 19141, 173, 316, 'I', 17),
(8689, 18760, 168, 319, 'A', 22),
(8690, 18880, 172, 311, 'F', 85),
(8691, 18988, 174, 319, 'H', 48),
(8692, 18761, 172, 312, 'A', 68),
(8693, 19167, 172, 317, 'B', 77),
(8694, 19051, 172, 319, 'A', 76),
(8695, 18991, 171, 319, 'V', 53),
(8696, 18845, 177, 319, 'Q', 74),
(8697, 18828, 171, 316, 'L', 1),
(8698, 18912, 170, 316, 'U', 90),
(8699, 18905, 171, 313, 'N', 77),
(8700, 18826, 170, 318, 'J', 18),
(8701, 18767, 176, 315, 'C', 91),
(8702, 19068, 169, 318, 'E', 34),
(8703, 18957, 168, 313, 'A', 87),
(8704, 18792, 175, 314, 'Y', 67),
(8705, 18837, 175, 317, 'X', 46),
(8706, 18708, 175, 311, 'P', 0),
(8707, 19039, 168, 313, 'O', 62),
(8708, 18915, 170, 320, 'Z', 64),
(8709, 18979, 170, 319, 'N', 28),
(8710, 18825, 172, 316, 'Y', 53),
(8711, 19033, 176, 314, 'F', 13),
(8712, 18782, 172, 316, 'V', 94),
(8713, 18734, 170, 319, 'I', 60),
(8714, 18839, 174, 316, 'V', 93),
(8715, 19007, 177, 314, 'D', 75),
(8716, 18818, 176, 313, 'F', 10),
(8717, 18828, 173, 312, 'V', 76),
(8718, 19071, 175, 316, 'G', 58),
(8719, 18749, 174, 320, 'G', 66),
(8720, 18696, 175, 320, 'C', 30),
(8721, 18986, 171, 319, 'Z', 73),
(8722, 18800, 168, 314, 'E', 91),
(8723, 18775, 174, 314, 'J', 70),
(8724, 18840, 173, 320, 'P', 12),
(8725, 18839, 172, 316, 'L', 91),
(8726, 19111, 176, 319, 'K', 87),
(8727, 19107, 177, 320, 'N', 69),
(8728, 18771, 173, 317, 'Z', 87),
(8729, 18707, 176, 317, 'Q', 66),
(8730, 18984, 168, 311, 'I', 87),
(8731, 18956, 175, 316, 'P', 7),
(8732, 19117, 172, 318, 'P', 26),
(8733, 18896, 174, 319, 'V', 59),
(8734, 18948, 171, 313, 'W', 27),
(8735, 18893, 173, 311, 'X', 76),
(8736, 18957, 169, 316, 'A', 0),
(8737, 18837, 177, 315, 'O', 91),
(8738, 19089, 170, 314, 'G', 30),
(8739, 18766, 176, 312, 'A', 57),
(8740, 18731, 171, 311, 'G', 43),
(8741, 18934, 168, 317, 'N', 2),
(8742, 19141, 175, 312, 'R', 55),
(8743, 19140, 175, 318, 'V', 53),
(8744, 18759, 168, 312, 'R', 15),
(8745, 18693, 170, 320, 'J', 96),
(8746, 18733, 168, 314, 'F', 5),
(8747, 18875, 175, 315, 'K', 85),
(8748, 18840, 172, 313, 'E', 42),
(8749, 18819, 169, 314, 'F', 74),
(8750, 19138, 175, 315, 'Z', 73),
(8751, 19186, 174, 319, 'F', 1),
(8752, 19011, 177, 313, 'M', 55),
(8753, 19170, 174, 319, 'Q', 97),
(8754, 18803, 177, 317, 'W', 77),
(8755, 19069, 171, 318, 'F', 97),
(8756, 19009, 168, 320, 'S', 79),
(8757, 18949, 175, 311, 'M', 28),
(8758, 18834, 170, 320, 'Z', 86),
(8759, 18921, 176, 311, 'X', 24),
(8760, 19116, 168, 319, 'U', 49),
(8761, 18730, 174, 312, 'Z', 94),
(8762, 18825, 169, 314, 'C', 16),
(8763, 18757, 177, 312, 'R', 27),
(8764, 19125, 171, 315, 'Z', 4),
(8765, 18695, 170, 318, 'V', 52),
(8766, 19030, 174, 316, 'P', 55),
(8767, 18726, 173, 311, 'U', 16),
(8768, 19188, 171, 312, 'F', 34),
(8769, 19155, 171, 314, 'W', 7),
(8770, 18992, 171, 314, 'W', 59),
(8771, 18836, 177, 319, 'L', 15),
(8772, 18694, 177, 317, 'A', 31),
(8773, 18731, 175, 313, 'N', 84),
(8774, 18976, 172, 320, 'X', 55),
(8775, 19071, 174, 311, 'J', 50),
(8776, 18965, 174, 314, 'M', 19),
(8777, 18948, 171, 318, 'H', 95),
(8778, 19173, 177, 312, 'P', 13),
(8779, 18963, 176, 318, 'X', 61),
(8780, 19075, 170, 311, 'R', 45),
(8781, 18848, 169, 315, 'H', 63),
(8782, 18694, 171, 314, 'J', 22),
(8783, 19176, 174, 312, 'D', 62),
(8784, 18849, 168, 315, 'Q', 82),
(8785, 19087, 170, 311, 'Q', 23),
(8786, 18902, 172, 319, 'Y', 56),
(8787, 18832, 172, 312, 'H', 23),
(8788, 18763, 175, 314, 'Z', 6),
(8789, 18752, 169, 316, 'V', 35),
(8790, 18747, 174, 311, 'M', 33),
(8791, 19041, 168, 319, 'M', 86),
(8792, 18956, 172, 318, 'U', 27),
(8793, 18730, 176, 314, 'E', 51),
(8794, 18746, 169, 311, 'R', 48),
(8795, 19157, 172, 314, 'D', 4),
(8796, 18911, 169, 317, 'V', 10),
(8797, 18709, 171, 312, 'L', 56),
(8798, 18933, 172, 316, 'D', 4),
(8799, 19106, 172, 315, 'O', 0),
(8800, 18965, 176, 313, 'C', 53),
(8801, 19097, 176, 319, 'U', 71),
(8802, 18930, 176, 312, 'Z', 18),
(8803, 18987, 170, 314, 'R', 43),
(8804, 19124, 176, 312, 'F', 12),
(8805, 19070, 176, 317, 'S', 62),
(8806, 18803, 170, 317, 'Q', 20),
(8807, 18968, 169, 320, 'T', 52),
(8808, 18880, 176, 316, 'G', 59),
(8809, 19031, 177, 317, 'X', 17),
(8810, 19030, 172, 312, 'K', 96),
(8811, 18950, 177, 313, 'S', 18),
(8812, 19086, 171, 320, 'S', 66),
(8813, 18896, 169, 315, 'Q', 16),
(8814, 19085, 176, 311, 'C', 88),
(8815, 18733, 171, 318, 'Y', 17),
(8816, 18873, 177, 317, 'Z', 22),
(8817, 19012, 172, 318, 'Q', 35),
(8818, 19156, 172, 318, 'F', 99),
(8819, 18961, 168, 317, 'V', 9),
(8820, 18833, 176, 318, 'Y', 91),
(8821, 19144, 175, 316, 'V', 3),
(8822, 18943, 175, 315, 'B', 30),
(8823, 19145, 172, 314, 'V', 30),
(8824, 18920, 171, 318, 'A', 73),
(8825, 18840, 168, 316, 'X', 45),
(8826, 18922, 170, 312, 'R', 21),
(8827, 18982, 174, 318, 'B', 5),
(8828, 19189, 171, 315, 'H', 30),
(8829, 18702, 173, 311, 'K', 17),
(8830, 18717, 177, 316, 'J', 66),
(8831, 18982, 177, 319, 'O', 17),
(8832, 18737, 176, 316, 'R', 38),
(8833, 19136, 171, 312, 'X', 93),
(8834, 19014, 177, 320, 'U', 7),
(8835, 19141, 168, 318, 'G', 59),
(8836, 18722, 172, 320, 'F', 50),
(8837, 18754, 172, 320, 'Y', 0),
(8838, 19090, 170, 312, 'F', 0),
(8839, 19143, 171, 319, 'W', 75),
(8840, 18906, 171, 315, 'A', 83),
(8841, 18994, 177, 319, 'M', 45),
(8842, 18695, 176, 317, 'P', 75),
(8843, 18838, 173, 320, 'K', 25),
(8844, 18861, 168, 315, 'D', 93),
(8845, 18731, 171, 311, 'Z', 50),
(8846, 19068, 173, 314, 'I', 21),
(8847, 18897, 173, 317, 'K', 49),
(8848, 18772, 174, 320, 'R', 39),
(8849, 19140, 169, 311, 'Y', 8),
(8850, 18961, 175, 311, 'U', 49),
(8851, 19098, 177, 316, 'N', 61),
(8852, 18904, 172, 315, 'T', 21),
(8853, 18929, 172, 314, 'W', 44),
(8854, 18828, 168, 312, 'X', 62),
(8855, 18695, 169, 315, 'S', 86),
(8856, 19105, 172, 314, 'Q', 2),
(8857, 18863, 173, 320, 'V', 35),
(8858, 19183, 175, 314, 'M', 17),
(8859, 19080, 173, 316, 'U', 40),
(8860, 18700, 172, 313, 'F', 60),
(8861, 19048, 171, 315, 'E', 80),
(8862, 18789, 170, 312, 'D', 75),
(8863, 18813, 170, 317, 'K', 62),
(8864, 18785, 177, 311, 'U', 50),
(8865, 18931, 177, 313, 'H', 61),
(8866, 19071, 175, 318, 'N', 24),
(8867, 18915, 174, 320, 'N', 35),
(8868, 19107, 175, 320, 'F', 33),
(8869, 18943, 175, 319, 'G', 60),
(8870, 18737, 173, 320, 'G', 44),
(8871, 19188, 170, 318, 'J', 81),
(8872, 18761, 171, 316, 'B', 26),
(8873, 18806, 177, 315, 'T', 47),
(8874, 18729, 173, 312, 'U', 21),
(8875, 18930, 177, 318, 'P', 45),
(8876, 18729, 174, 313, 'L', 61),
(8877, 18947, 174, 312, 'N', 11),
(8878, 18806, 169, 314, 'H', 36),
(8879, 18766, 174, 315, 'W', 98),
(8880, 18835, 170, 312, 'W', 28),
(8881, 19041, 176, 318, 'G', 36),
(8882, 18819, 174, 314, 'D', 23),
(8883, 18799, 169, 311, 'U', 22),
(8884, 19078, 168, 311, 'D', 16),
(8885, 18835, 168, 318, 'X', 45),
(8886, 18702, 170, 314, 'H', 46),
(8887, 18853, 170, 319, 'A', 13),
(8888, 19137, 170, 319, 'W', 43),
(8889, 19027, 171, 312, 'T', 80),
(8890, 19070, 170, 319, 'E', 17),
(8891, 18878, 170, 311, 'L', 26),
(8892, 19063, 171, 314, 'T', 35),
(8893, 19125, 175, 316, 'A', 82),
(8894, 19054, 170, 314, 'G', 84),
(8895, 19095, 169, 314, 'W', 9),
(8896, 18790, 169, 319, 'Z', 75),
(8897, 18730, 175, 320, 'A', 9),
(8898, 18806, 173, 314, 'P', 91),
(8899, 19047, 168, 312, 'M', 29),
(8900, 19059, 174, 311, 'X', 68),
(8901, 18738, 168, 316, 'N', 50),
(8902, 18960, 177, 317, 'V', 42),
(8903, 19023, 172, 315, 'M', 47),
(8904, 19125, 174, 313, 'Z', 5),
(8905, 19132, 172, 320, 'G', 22),
(8906, 18994, 176, 313, 'C', 98),
(8907, 18720, 177, 317, 'V', 32),
(8908, 19157, 174, 320, 'V', 8),
(8909, 18909, 174, 311, 'N', 85),
(8910, 19022, 176, 315, 'K', 22),
(8911, 18701, 168, 314, 'F', 83),
(8912, 18995, 173, 320, 'U', 7),
(8913, 19147, 173, 318, 'U', 77),
(8914, 18724, 177, 311, 'Q', 99),
(8915, 18747, 168, 313, 'X', 46),
(8916, 18909, 170, 314, 'U', 45),
(8917, 19001, 168, 314, 'W', 42),
(8918, 18725, 177, 317, 'R', 92),
(8919, 19088, 172, 314, 'S', 45),
(8920, 18973, 177, 315, 'O', 34),
(8921, 18804, 168, 320, 'M', 58),
(8922, 19168, 169, 313, 'L', 86),
(8923, 18750, 168, 314, 'K', 59),
(8924, 18914, 177, 318, 'L', 60),
(8925, 18859, 173, 311, 'G', 31),
(8926, 19111, 174, 313, 'P', 41),
(8927, 18739, 173, 314, 'Z', 1),
(8928, 19054, 173, 317, 'L', 92),
(8929, 19101, 175, 311, 'N', 85),
(8930, 18800, 177, 319, 'L', 66),
(8931, 19005, 174, 315, 'P', 91),
(8932, 18857, 175, 311, 'C', 97),
(8933, 19017, 170, 315, 'X', 79),
(8934, 19132, 174, 314, 'C', 32),
(8935, 19102, 171, 311, 'B', 4),
(8936, 18835, 173, 312, 'S', 52),
(8937, 18743, 176, 319, 'I', 13),
(8938, 19142, 177, 318, 'T', 93),
(8939, 18820, 168, 313, 'D', 21),
(8940, 19143, 177, 313, 'X', 88),
(8941, 19085, 168, 320, 'N', 42),
(8942, 18938, 177, 314, 'W', 47),
(8943, 18857, 175, 320, 'U', 46),
(8944, 19119, 176, 318, 'U', 67),
(8945, 18754, 171, 316, 'W', 70),
(8946, 18702, 177, 316, 'G', 62),
(8947, 19165, 177, 319, 'W', 38),
(8948, 18732, 176, 320, 'M', 29),
(8949, 19158, 171, 314, 'B', 82),
(8950, 18971, 174, 314, 'S', 57),
(8951, 18802, 168, 312, 'W', 55),
(8952, 18711, 171, 314, 'X', 92),
(8953, 19140, 172, 317, 'Z', 55),
(8954, 18713, 169, 318, 'E', 8),
(8955, 18951, 174, 316, 'V', 32),
(8956, 19044, 175, 314, 'G', 57),
(8957, 19103, 176, 312, 'D', 71),
(8958, 18765, 176, 318, 'X', 31),
(8959, 18823, 177, 316, 'X', 91),
(8960, 18939, 171, 315, 'C', 59),
(8961, 18947, 172, 320, 'C', 89),
(8962, 18996, 168, 314, 'M', 18),
(8963, 18736, 175, 311, 'Y', 17),
(8964, 18711, 175, 320, 'N', 88),
(8965, 18883, 177, 320, 'F', 50),
(8966, 19135, 170, 313, 'G', 21),
(8967, 18779, 175, 312, 'E', 58),
(8968, 19134, 170, 313, 'K', 11),
(8969, 18784, 171, 316, 'T', 67),
(8970, 19036, 168, 313, 'F', 61),
(8971, 19167, 174, 313, 'R', 88),
(8972, 18781, 172, 314, 'W', 90),
(8973, 18697, 175, 316, 'I', 53),
(8974, 19007, 173, 320, 'C', 54),
(8975, 18850, 172, 314, 'U', 16),
(8976, 18788, 170, 318, 'R', 25),
(8977, 19139, 176, 313, 'J', 9),
(8978, 18786, 173, 320, 'V', 81),
(8979, 18878, 177, 318, 'Z', 34),
(8980, 19173, 174, 313, 'D', 39),
(8981, 18975, 173, 317, 'R', 60),
(8982, 19142, 174, 316, 'U', 62),
(8983, 19169, 177, 313, 'J', 82),
(8984, 18999, 173, 314, 'A', 10),
(8985, 19100, 172, 318, 'F', 1),
(8986, 18807, 177, 317, 'X', 8),
(8987, 19173, 173, 318, 'J', 58),
(8988, 19106, 169, 317, 'C', 40),
(8989, 19051, 168, 316, 'Q', 1),
(8990, 18880, 169, 319, 'F', 35),
(8991, 19098, 175, 320, 'O', 65),
(8992, 18854, 171, 320, 'S', 40),
(8993, 18882, 171, 319, 'A', 75),
(8994, 18850, 170, 320, 'S', 14),
(8995, 18922, 174, 314, 'I', 6),
(8996, 18906, 171, 314, 'I', 61),
(8997, 18771, 170, 318, 'D', 39),
(8998, 18801, 173, 318, 'S', 87),
(8999, 18987, 176, 315, 'O', 81),
(9000, 19029, 172, 313, 'W', 41),
(9001, 19006, 175, 318, 'B', 78),
(9002, 18806, 175, 318, 'S', 75),
(9003, 18807, 172, 319, 'B', 16),
(9004, 18818, 169, 314, 'N', 26),
(9005, 18795, 174, 314, 'C', 24),
(9006, 18910, 176, 317, 'K', 75),
(9007, 18869, 174, 314, 'H', 17),
(9008, 18943, 176, 317, 'T', 12),
(9009, 18936, 177, 315, 'Z', 90),
(9010, 19155, 176, 312, 'M', 80),
(9011, 19039, 175, 318, 'C', 73),
(9012, 19105, 175, 315, 'C', 80),
(9013, 19071, 173, 318, 'X', 90),
(9014, 19114, 168, 319, 'P', 82),
(9015, 18775, 170, 316, 'A', 68),
(9016, 19134, 170, 315, 'N', 9),
(9017, 18883, 177, 313, 'G', 46),
(9018, 18718, 176, 315, 'S', 68),
(9019, 18964, 173, 312, 'L', 36),
(9020, 18989, 176, 312, 'U', 66),
(9021, 18828, 168, 313, 'I', 71),
(9022, 18987, 170, 315, 'E', 67),
(9023, 18872, 170, 318, 'Z', 28),
(9024, 18986, 169, 312, 'J', 46),
(9025, 18865, 168, 312, 'A', 31),
(9026, 19168, 173, 315, 'S', 2),
(9027, 18719, 168, 312, 'H', 8),
(9028, 19039, 176, 320, 'F', 59),
(9029, 19181, 173, 312, 'K', 24),
(9030, 19061, 168, 315, 'E', 97),
(9031, 18974, 176, 311, 'G', 39),
(9032, 18723, 169, 319, 'M', 47),
(9033, 18869, 177, 315, 'I', 97),
(9034, 19017, 172, 320, 'O', 6),
(9035, 19002, 176, 315, 'Q', 45),
(9036, 19187, 177, 320, 'W', 15),
(9037, 18709, 170, 320, 'A', 37),
(9038, 18723, 172, 317, 'U', 79),
(9039, 18979, 172, 315, 'C', 10),
(9040, 18988, 174, 319, 'G', 57),
(9041, 18969, 172, 316, 'B', 57),
(9042, 18752, 172, 314, 'X', 72),
(9043, 19083, 168, 317, 'D', 50),
(9044, 19139, 171, 311, 'C', 88),
(9045, 18935, 175, 312, 'D', 6),
(9046, 19101, 177, 315, 'H', 44),
(9047, 18827, 173, 313, 'H', 69),
(9048, 18985, 170, 313, 'M', 50),
(9049, 18914, 168, 315, 'L', 40),
(9050, 19062, 171, 318, 'I', 93),
(9051, 18705, 176, 315, 'F', 20),
(9052, 18979, 177, 317, 'O', 24),
(9053, 19147, 173, 316, 'V', 0),
(9054, 18938, 177, 315, 'X', 15),
(9055, 18744, 175, 320, 'P', 31),
(9056, 19103, 177, 314, 'K', 8),
(9057, 18778, 170, 313, 'T', 55),
(9058, 18749, 173, 318, 'V', 4),
(9059, 18918, 173, 315, 'G', 87),
(9060, 18899, 171, 316, 'V', 31),
(9061, 19003, 177, 320, 'J', 37),
(9062, 18913, 168, 319, 'K', 65),
(9063, 18915, 172, 314, 'H', 67),
(9064, 18703, 169, 319, 'R', 27),
(9065, 19023, 171, 312, 'K', 98),
(9066, 18855, 176, 316, 'H', 77),
(9067, 19147, 171, 317, 'X', 99),
(9068, 19192, 172, 316, 'X', 64),
(9069, 18977, 175, 313, 'I', 20),
(9070, 18824, 176, 317, 'U', 61),
(9071, 18863, 171, 316, 'R', 58),
(9072, 19014, 176, 312, 'F', 91),
(9073, 18809, 173, 318, 'N', 74),
(9074, 18807, 175, 316, 'J', 95),
(9075, 19047, 175, 317, 'D', 18),
(9076, 18948, 168, 316, 'L', 58),
(9077, 19030, 173, 320, 'M', 24),
(9078, 18993, 176, 313, 'Y', 27),
(9079, 18980, 170, 317, 'N', 8),
(9080, 19156, 174, 315, 'H', 36),
(9081, 18746, 177, 314, 'Y', 3),
(9082, 18812, 174, 314, 'N', 51),
(9083, 18797, 173, 317, 'F', 28),
(9084, 19070, 173, 316, 'D', 94),
(9085, 19140, 175, 317, 'A', 71),
(9086, 18926, 177, 317, 'U', 20),
(9087, 19164, 176, 318, 'Y', 39),
(9088, 19141, 170, 312, 'S', 48),
(9089, 19084, 171, 319, 'M', 67),
(9090, 19086, 171, 318, 'G', 75),
(9091, 19183, 175, 319, 'I', 8),
(9092, 19045, 171, 314, 'W', 20),
(9093, 18929, 168, 316, 'S', 84),
(9094, 18820, 169, 320, 'L', 49),
(9095, 19127, 174, 311, 'J', 53),
(9096, 18719, 171, 314, 'W', 94),
(9097, 19180, 171, 312, 'P', 4),
(9098, 18901, 172, 320, 'W', 41),
(9099, 19127, 176, 312, 'T', 71),
(9100, 18763, 176, 319, 'A', 67),
(9101, 18783, 173, 317, 'H', 88),
(9102, 18991, 172, 311, 'O', 62),
(9103, 18896, 170, 311, 'C', 60),
(9104, 18978, 176, 318, 'K', 40),
(9105, 18862, 174, 314, 'Y', 43),
(9106, 18763, 170, 311, 'G', 79),
(9107, 19059, 172, 312, 'V', 61),
(9108, 19118, 172, 314, 'H', 68),
(9109, 19127, 171, 311, 'Q', 84),
(9110, 19107, 174, 320, 'T', 52),
(9111, 18702, 173, 315, 'K', 70),
(9112, 18939, 172, 317, 'K', 32),
(9113, 18777, 174, 311, 'T', 79),
(9114, 18746, 172, 320, 'R', 17),
(9115, 18749, 173, 316, 'J', 83),
(9116, 18762, 174, 314, 'Y', 36),
(9117, 19100, 169, 317, 'J', 92),
(9118, 18783, 176, 315, 'X', 84),
(9119, 19171, 176, 315, 'P', 33),
(9120, 18737, 168, 318, 'S', 97),
(9121, 18810, 177, 313, 'B', 37),
(9122, 18740, 172, 315, 'B', 42),
(9123, 19090, 172, 312, 'P', 29),
(9124, 19092, 169, 318, 'N', 14),
(9125, 19145, 169, 311, 'P', 69),
(9126, 18785, 174, 312, 'H', 98),
(9127, 19020, 175, 314, 'I', 60),
(9128, 18852, 176, 314, 'W', 4),
(9129, 19133, 172, 317, 'E', 97),
(9130, 18718, 170, 317, 'U', 52),
(9131, 18889, 177, 314, 'A', 34),
(9132, 18790, 173, 316, 'R', 16),
(9133, 18723, 170, 316, 'H', 88),
(9134, 19036, 171, 313, 'J', 85),
(9135, 18996, 173, 316, 'Q', 17),
(9136, 19076, 169, 318, 'N', 30),
(9137, 19083, 172, 311, 'Y', 78),
(9138, 18725, 170, 315, 'J', 12),
(9139, 18944, 177, 314, 'P', 73),
(9140, 18942, 168, 320, 'E', 27),
(9141, 19097, 173, 317, 'V', 18),
(9142, 18752, 177, 315, 'B', 72),
(9143, 18827, 173, 311, 'C', 56),
(9144, 18945, 170, 311, 'V', 68),
(9145, 18743, 177, 320, 'O', 49),
(9146, 18910, 174, 314, 'Y', 78),
(9147, 18699, 172, 314, 'T', 32),
(9148, 18740, 175, 315, 'N', 7),
(9149, 19060, 174, 317, 'A', 31),
(9150, 18861, 175, 312, 'L', 1),
(9151, 18860, 175, 319, 'H', 55),
(9152, 18903, 176, 312, 'S', 10),
(9153, 18842, 172, 319, 'N', 39),
(9154, 19038, 174, 313, 'I', 28),
(9155, 18785, 168, 315, 'B', 51),
(9156, 18727, 177, 315, 'E', 72),
(9157, 19047, 174, 311, 'P', 62),
(9158, 18792, 172, 315, 'W', 65),
(9159, 18874, 172, 318, 'D', 95),
(9160, 18781, 171, 316, 'A', 0),
(9161, 19012, 174, 320, 'L', 23),
(9162, 18866, 171, 316, 'V', 95),
(9163, 18839, 168, 317, 'U', 97),
(9164, 18976, 169, 313, 'M', 49),
(9165, 18955, 171, 318, 'P', 54),
(9166, 19157, 176, 319, 'R', 76),
(9167, 18781, 177, 320, 'G', 57),
(9168, 18826, 173, 311, 'I', 65),
(9169, 19014, 171, 318, 'R', 71),
(9170, 18905, 175, 313, 'B', 82),
(9171, 18953, 171, 313, 'S', 89),
(9172, 19142, 176, 316, 'F', 11),
(9173, 18845, 173, 317, 'I', 98),
(9174, 19180, 175, 320, 'Y', 73),
(9175, 19098, 168, 311, 'V', 68),
(9176, 19072, 168, 314, 'B', 91),
(9177, 18786, 170, 315, 'G', 98),
(9178, 18708, 172, 313, 'D', 45),
(9179, 18785, 172, 319, 'V', 28),
(9180, 18726, 176, 315, 'K', 98),
(9181, 18852, 172, 319, 'D', 84),
(9182, 18717, 171, 318, 'M', 4),
(9183, 18845, 171, 313, 'S', 90),
(9184, 18803, 176, 318, 'Z', 39),
(9185, 19129, 170, 319, 'D', 52),
(9186, 18865, 175, 318, 'X', 18),
(9187, 18909, 176, 317, 'N', 75),
(9188, 18968, 175, 319, 'G', 53),
(9189, 19055, 168, 313, 'H', 49),
(9190, 19103, 170, 317, 'A', 96),
(9191, 18958, 171, 314, 'X', 41),
(9192, 19011, 168, 319, 'U', 4),
(9193, 19162, 177, 316, 'U', 69),
(9194, 19083, 177, 317, 'W', 47),
(9195, 19128, 175, 311, 'Q', 89),
(9196, 19160, 174, 313, 'L', 88),
(9197, 18890, 171, 311, 'U', 25),
(9198, 18773, 172, 311, 'S', 11),
(9199, 19092, 171, 311, 'N', 7),
(9200, 19126, 168, 313, 'I', 49),
(9201, 19098, 173, 316, 'H', 70),
(9202, 18727, 171, 318, 'G', 75),
(9203, 18751, 169, 316, 'Q', 83),
(9204, 19002, 174, 312, 'U', 35),
(9205, 18902, 171, 318, 'A', 82),
(9206, 18735, 177, 320, 'I', 35),
(9207, 19128, 172, 320, 'D', 56),
(9208, 19165, 174, 315, 'U', 61),
(9209, 18695, 169, 316, 'M', 80),
(9210, 18904, 175, 311, 'T', 93),
(9211, 19091, 177, 318, 'I', 87),
(9212, 18733, 176, 312, 'M', 37),
(9213, 18845, 175, 316, 'P', 16),
(9214, 18774, 168, 318, 'Y', 88),
(9215, 19112, 173, 314, 'W', 95),
(9216, 18875, 176, 315, 'Q', 33),
(9217, 19085, 169, 319, 'U', 97),
(9218, 18916, 171, 315, 'S', 59),
(9219, 19046, 171, 317, 'C', 36),
(9220, 18997, 169, 311, 'Y', 32),
(9221, 19123, 174, 316, 'Q', 90),
(9222, 19072, 173, 316, 'E', 53),
(9223, 18769, 170, 320, 'C', 44),
(9224, 19088, 175, 319, 'O', 25),
(9225, 18888, 177, 320, 'P', 41),
(9226, 19128, 169, 311, 'U', 61),
(9227, 18824, 171, 312, 'X', 94),
(9228, 18706, 176, 313, 'P', 86),
(9229, 18916, 169, 320, 'N', 80),
(9230, 18830, 169, 311, 'V', 19),
(9231, 19174, 175, 314, 'J', 81),
(9232, 18980, 168, 312, 'N', 27),
(9233, 18795, 175, 311, 'K', 16),
(9234, 19010, 174, 316, 'C', 68),
(9235, 19098, 169, 312, 'S', 96),
(9236, 19168, 169, 320, 'E', 40),
(9237, 18938, 168, 313, 'L', 53),
(9238, 19058, 175, 315, 'R', 3),
(9239, 18939, 169, 312, 'S', 7),
(9240, 18926, 174, 312, 'M', 59),
(9241, 18979, 172, 318, 'X', 20),
(9242, 19081, 172, 313, 'M', 29),
(9243, 19084, 173, 317, 'Y', 81),
(9244, 18802, 168, 314, 'P', 3),
(9245, 18787, 171, 314, 'C', 51),
(9246, 19071, 171, 317, 'U', 43),
(9247, 18846, 176, 313, 'X', 15),
(9248, 19003, 168, 315, 'K', 89),
(9249, 19157, 172, 319, 'O', 37),
(9250, 19040, 170, 313, 'E', 88),
(9251, 18742, 175, 315, 'W', 83),
(9252, 18862, 171, 316, 'W', 8),
(9253, 18739, 177, 315, 'B', 66),
(9254, 19084, 174, 313, 'G', 93),
(9255, 18713, 176, 318, 'R', 63),
(9256, 19104, 177, 311, 'U', 96),
(9257, 18901, 176, 311, 'K', 51),
(9258, 18916, 174, 320, 'G', 81),
(9259, 19025, 171, 315, 'J', 63),
(9260, 18884, 172, 314, 'E', 6),
(9261, 19059, 172, 311, 'K', 57),
(9262, 18808, 171, 318, 'L', 73),
(9263, 18990, 176, 318, 'B', 62),
(9264, 18845, 168, 313, 'R', 66),
(9265, 19040, 169, 320, 'M', 37),
(9266, 18904, 171, 312, 'I', 54),
(9267, 19157, 170, 312, 'D', 60),
(9268, 19099, 175, 313, 'D', 52),
(9269, 18891, 168, 318, 'Q', 24),
(9270, 19007, 175, 319, 'U', 96),
(9271, 19071, 174, 317, 'Z', 75),
(9272, 19102, 173, 319, 'I', 12),
(9273, 18694, 175, 314, 'L', 15),
(9274, 18809, 171, 318, 'L', 25),
(9275, 18700, 172, 319, 'O', 72),
(9276, 18965, 176, 311, 'U', 34),
(9277, 19042, 169, 313, 'O', 94),
(9278, 18774, 170, 311, 'B', 82),
(9279, 19018, 169, 316, 'Y', 23),
(9280, 19166, 172, 316, 'Y', 42),
(9281, 18846, 169, 319, 'G', 21),
(9282, 18908, 168, 317, 'T', 33),
(9283, 19186, 177, 312, 'G', 26),
(9284, 18778, 171, 311, 'X', 59),
(9285, 19125, 174, 312, 'H', 10),
(9286, 18813, 176, 317, 'F', 7),
(9287, 19125, 171, 320, 'V', 99),
(9288, 19084, 177, 319, 'M', 77),
(9289, 19133, 175, 314, 'G', 21),
(9290, 19002, 173, 315, 'W', 90),
(9291, 18720, 174, 319, 'M', 4),
(9292, 18777, 177, 313, 'I', 83),
(9293, 18932, 169, 319, 'B', 48),
(9294, 18995, 175, 316, 'H', 35),
(9295, 19087, 168, 318, 'V', 33),
(9296, 18791, 174, 315, 'X', 68),
(9297, 18736, 172, 312, 'O', 25),
(9298, 19125, 172, 314, 'N', 16),
(9299, 18944, 175, 312, 'S', 53),
(9300, 19038, 176, 319, 'U', 24),
(9301, 18878, 171, 315, 'R', 88),
(9302, 19142, 175, 315, 'D', 86),
(9303, 18950, 176, 311, 'H', 92),
(9304, 18870, 176, 314, 'F', 55),
(9305, 18777, 174, 318, 'C', 37),
(9306, 18922, 168, 313, 'E', 24),
(9307, 19064, 177, 316, 'S', 25),
(9308, 18928, 171, 318, 'P', 11),
(9309, 19182, 174, 314, 'N', 42),
(9310, 18803, 171, 317, 'N', 53),
(9311, 18858, 170, 312, 'F', 46),
(9312, 18856, 169, 318, 'P', 59),
(9313, 18963, 174, 319, 'W', 41),
(9314, 19103, 176, 316, 'C', 93),
(9315, 19086, 176, 314, 'O', 69),
(9316, 18726, 177, 314, 'N', 73),
(9317, 19050, 175, 318, 'O', 55),
(9318, 19083, 175, 317, 'P', 59),
(9319, 18927, 172, 319, 'X', 97),
(9320, 18794, 168, 319, 'M', 11),
(9321, 18895, 175, 314, 'J', 36),
(9322, 19135, 169, 319, 'O', 17),
(9323, 18802, 168, 314, 'B', 84),
(9324, 18822, 170, 317, 'X', 97),
(9325, 18877, 172, 318, 'J', 55),
(9326, 18970, 169, 312, 'X', 72),
(9327, 19152, 169, 314, 'M', 17),
(9328, 18877, 174, 313, 'R', 4),
(9329, 18758, 171, 319, 'W', 25),
(9330, 18701, 168, 315, 'R', 16),
(9331, 18817, 170, 315, 'N', 98),
(9332, 18806, 177, 320, 'W', 22),
(9333, 18917, 177, 319, 'X', 60),
(9334, 18714, 173, 312, 'E', 40),
(9335, 18697, 177, 320, 'S', 51),
(9336, 18873, 169, 318, 'F', 21),
(9337, 18993, 172, 320, 'P', 95),
(9338, 19189, 172, 315, 'T', 74),
(9339, 18721, 176, 320, 'Y', 75),
(9340, 18768, 169, 320, 'Y', 93),
(9341, 18837, 177, 312, 'R', 1),
(9342, 18749, 172, 312, 'Y', 39),
(9343, 18935, 177, 319, 'S', 52),
(9344, 18822, 175, 312, 'A', 79),
(9345, 18910, 171, 318, 'P', 71),
(9346, 18729, 170, 317, 'K', 64),
(9347, 18975, 171, 320, 'S', 19),
(9348, 18860, 174, 312, 'R', 16),
(9349, 18827, 172, 319, 'A', 84),
(9350, 18900, 170, 316, 'O', 58),
(9351, 19180, 171, 320, 'L', 69),
(9352, 19003, 172, 318, 'O', 30),
(9353, 19185, 172, 315, 'C', 61),
(9354, 18952, 169, 313, 'W', 6),
(9355, 18782, 175, 313, 'J', 99),
(9356, 18773, 176, 320, 'L', 93),
(9357, 18923, 174, 314, 'Z', 61),
(9358, 19120, 171, 312, 'X', 17),
(9359, 18983, 176, 311, 'O', 51),
(9360, 18848, 175, 320, 'N', 36),
(9361, 18983, 173, 316, 'Z', 58),
(9362, 19184, 175, 312, 'P', 15),
(9363, 18748, 175, 314, 'T', 79),
(9364, 19008, 175, 319, 'C', 34),
(9365, 18907, 175, 315, 'V', 91),
(9366, 19099, 177, 318, 'A', 79),
(9367, 19054, 172, 313, 'Y', 75),
(9368, 19147, 169, 315, 'Z', 33),
(9369, 18908, 173, 320, 'C', 62),
(9370, 19131, 170, 316, 'E', 81),
(9371, 18935, 172, 311, 'A', 44),
(9372, 19102, 171, 312, 'M', 55),
(9373, 18701, 177, 317, 'T', 17),
(9374, 18719, 169, 313, 'R', 2),
(9375, 19051, 177, 316, 'U', 1),
(9376, 18817, 176, 316, 'D', 14),
(9377, 18837, 174, 315, 'J', 15),
(9378, 18982, 176, 314, 'W', 21),
(9379, 18801, 168, 315, 'H', 9),
(9380, 19180, 169, 315, 'Z', 6),
(9381, 18950, 168, 313, 'O', 16),
(9382, 18717, 169, 318, 'V', 53),
(9383, 18771, 170, 319, 'I', 72),
(9384, 18693, 177, 316, 'G', 92),
(9385, 18746, 174, 317, 'S', 67),
(9386, 18709, 168, 314, 'V', 32),
(9387, 19032, 174, 312, 'B', 44),
(9388, 18705, 175, 314, 'X', 11),
(9389, 18747, 169, 313, 'B', 59),
(9390, 18913, 170, 320, 'Z', 50),
(9391, 18802, 169, 311, 'F', 88),
(9392, 18970, 175, 315, 'X', 51),
(9393, 18815, 172, 314, 'A', 92),
(9394, 18825, 170, 312, 'R', 36),
(9395, 18914, 173, 316, 'X', 24),
(9396, 19192, 170, 320, 'I', 78),
(9397, 19095, 171, 312, 'J', 9);

--
-- Index pour les tables déchargées
--

--
-- Index pour la table `artist`
--
ALTER TABLE `artist`
  ADD PRIMARY KEY (`id`);

--
-- Index pour la table `artist_group`
--
ALTER TABLE `artist_group`
  ADD PRIMARY KEY (`artist_id`,`group_id`),
  ADD KEY `IDX_DCC7496B7970CF8` (`artist_id`),
  ADD KEY `IDX_DCC7496FE54D947` (`group_id`);

--
-- Index pour la table `availability`
--
ALTER TABLE `availability`
  ADD PRIMARY KEY (`id`),
  ADD KEY `IDX_3FB7A2BF217BBB47` (`person_id`);

--
-- Index pour la table `concert`
--
ALTER TABLE `concert`
  ADD PRIMARY KEY (`id`);

--
-- Index pour la table `concert_part`
--
ALTER TABLE `concert_part`
  ADD PRIMARY KEY (`id`),
  ADD KEY `IDX_ECB24401B7970CF8` (`artist_id`),
  ADD KEY `IDX_ECB2440183C97B2E` (`concert_id`);

--
-- Index pour la table `doctrine_migration_versions`
--
ALTER TABLE `doctrine_migration_versions`
  ADD PRIMARY KEY (`version`);

--
-- Index pour la table `event`
--
ALTER TABLE `event`
  ADD PRIMARY KEY (`id`),
  ADD KEY `IDX_3BAE0AA7DA6A219` (`place_id`);

--
-- Index pour la table `group`
--
ALTER TABLE `group`
  ADD PRIMARY KEY (`id`);

--
-- Index pour la table `messenger_messages`
--
ALTER TABLE `messenger_messages`
  ADD PRIMARY KEY (`id`),
  ADD KEY `IDX_75EA56E0FB7336F0` (`queue_name`),
  ADD KEY `IDX_75EA56E0E3BD61CE` (`available_at`),
  ADD KEY `IDX_75EA56E016BA31DB` (`delivered_at`);

--
-- Index pour la table `place`
--
ALTER TABLE `place`
  ADD PRIMARY KEY (`id`);

--
-- Index pour la table `price`
--
ALTER TABLE `price`
  ADD PRIMARY KEY (`id`);

--
-- Index pour la table `rencontre`
--
ALTER TABLE `rencontre`
  ADD PRIMARY KEY (`id`),
  ADD UNIQUE KEY `UNIQ_460C35EDB7970CF8` (`artist_id`);

--
-- Index pour la table `role`
--
ALTER TABLE `role`
  ADD PRIMARY KEY (`id`),
  ADD KEY `IDX_57698A6A217BBB47` (`person_id`);

--
-- Index pour la table `spectateur`
--
ALTER TABLE `spectateur`
  ADD PRIMARY KEY (`id`);

--
-- Index pour la table `spectateur_artist`
--
ALTER TABLE `spectateur_artist`
  ADD PRIMARY KEY (`spectateur_id`,`artist_id`),
  ADD KEY `IDX_216AE0F4AF471192` (`spectateur_id`),
  ADD KEY `IDX_216AE0F4B7970CF8` (`artist_id`);

--
-- Index pour la table `staff`
--
ALTER TABLE `staff`
  ADD PRIMARY KEY (`id`);

--
-- Index pour la table `technical_constraints`
--
ALTER TABLE `technical_constraints`
  ADD PRIMARY KEY (`id`);

--
-- Index pour la table `technical_constraints_place`
--
ALTER TABLE `technical_constraints_place`
  ADD PRIMARY KEY (`technical_constraints_id`,`place_id`),
  ADD KEY `IDX_BA13743670B932D7` (`technical_constraints_id`),
  ADD KEY `IDX_BA137436DA6A219` (`place_id`);

--
-- Index pour la table `ticket`
--
ALTER TABLE `ticket`
  ADD PRIMARY KEY (`id`),
  ADD KEY `IDX_97A0ADA3523FB688` (`spectator_id`),
  ADD KEY `IDX_97A0ADA383C97B2E` (`concert_id`),
  ADD KEY `IDX_97A0ADA3D614C7E7` (`price_id`);

--
-- AUTO_INCREMENT pour les tables déchargées
--

--
-- AUTO_INCREMENT pour la table `artist`
--
ALTER TABLE `artist`
  MODIFY `id` int(11) NOT NULL AUTO_INCREMENT, AUTO_INCREMENT=1821;

--
-- AUTO_INCREMENT pour la table `availability`
--
ALTER TABLE `availability`
  MODIFY `id` int(11) NOT NULL AUTO_INCREMENT, AUTO_INCREMENT=4395;

--
-- AUTO_INCREMENT pour la table `concert_part`
--
ALTER TABLE `concert_part`
  MODIFY `id` int(11) NOT NULL AUTO_INCREMENT, AUTO_INCREMENT=112;

--
-- AUTO_INCREMENT pour la table `event`
--
ALTER TABLE `event`
  MODIFY `id` int(11) NOT NULL AUTO_INCREMENT, AUTO_INCREMENT=178;

--
-- AUTO_INCREMENT pour la table `group`
--
ALTER TABLE `group`
  MODIFY `id` int(11) NOT NULL AUTO_INCREMENT, AUTO_INCREMENT=1801;

--
-- AUTO_INCREMENT pour la table `messenger_messages`
--
ALTER TABLE `messenger_messages`
  MODIFY `id` bigint(20) NOT NULL AUTO_INCREMENT;

--
-- AUTO_INCREMENT pour la table `place`
--
ALTER TABLE `place`
  MODIFY `id` int(11) NOT NULL AUTO_INCREMENT, AUTO_INCREMENT=164;

--
-- AUTO_INCREMENT pour la table `price`
--
ALTER TABLE `price`
  MODIFY `id` int(11) NOT NULL AUTO_INCREMENT, AUTO_INCREMENT=321;

--
-- AUTO_INCREMENT pour la table `role`
--
ALTER TABLE `role`
  MODIFY `id` int(11) NOT NULL AUTO_INCREMENT, AUTO_INCREMENT=681;

--
-- AUTO_INCREMENT pour la table `spectateur`
--
ALTER TABLE `spectateur`
  MODIFY `id` int(11) NOT NULL AUTO_INCREMENT, AUTO_INCREMENT=19193;

--
-- AUTO_INCREMENT pour la table `staff`
--
ALTER TABLE `staff`
  MODIFY `id` int(11) NOT NULL AUTO_INCREMENT, AUTO_INCREMENT=341;

--
-- AUTO_INCREMENT pour la table `technical_constraints`
--
ALTER TABLE `technical_constraints`
  MODIFY `id` int(11) NOT NULL AUTO_INCREMENT, AUTO_INCREMENT=413;

--
-- AUTO_INCREMENT pour la table `ticket`
--
ALTER TABLE `ticket`
  MODIFY `id` int(11) NOT NULL AUTO_INCREMENT, AUTO_INCREMENT=9398;

--
-- Contraintes pour les tables déchargées
--

--
-- Contraintes pour la table `artist_group`
--
ALTER TABLE `artist_group`
  ADD CONSTRAINT `FK_DCC7496B7970CF8` FOREIGN KEY (`artist_id`) REFERENCES `artist` (`id`) ON DELETE CASCADE,
  ADD CONSTRAINT `FK_DCC7496FE54D947` FOREIGN KEY (`group_id`) REFERENCES `group` (`id`) ON DELETE CASCADE;

--
-- Contraintes pour la table `availability`
--
ALTER TABLE `availability`
  ADD CONSTRAINT `FK_3FB7A2BF217BBB47` FOREIGN KEY (`person_id`) REFERENCES `staff` (`id`);

--
-- Contraintes pour la table `concert`
--
ALTER TABLE `concert`
  ADD CONSTRAINT `FK_D57C02D2BF396750` FOREIGN KEY (`id`) REFERENCES `event` (`id`) ON DELETE CASCADE;

--
-- Contraintes pour la table `concert_part`
--
ALTER TABLE `concert_part`
  ADD CONSTRAINT `FK_ECB2440183C97B2E` FOREIGN KEY (`concert_id`) REFERENCES `concert` (`id`),
  ADD CONSTRAINT `FK_ECB24401B7970CF8` FOREIGN KEY (`artist_id`) REFERENCES `group` (`id`);

--
-- Contraintes pour la table `event`
--
ALTER TABLE `event`
  ADD CONSTRAINT `FK_3BAE0AA7DA6A219` FOREIGN KEY (`place_id`) REFERENCES `place` (`id`);

--
-- Contraintes pour la table `rencontre`
--
ALTER TABLE `rencontre`
  ADD CONSTRAINT `FK_460C35EDB7970CF8` FOREIGN KEY (`artist_id`) REFERENCES `artist` (`id`),
  ADD CONSTRAINT `FK_460C35EDBF396750` FOREIGN KEY (`id`) REFERENCES `event` (`id`) ON DELETE CASCADE;

--
-- Contraintes pour la table `role`
--
ALTER TABLE `role`
  ADD CONSTRAINT `FK_57698A6A217BBB47` FOREIGN KEY (`person_id`) REFERENCES `staff` (`id`);

--
-- Contraintes pour la table `spectateur_artist`
--
ALTER TABLE `spectateur_artist`
  ADD CONSTRAINT `FK_216AE0F4AF471192` FOREIGN KEY (`spectateur_id`) REFERENCES `spectateur` (`id`) ON DELETE CASCADE,
  ADD CONSTRAINT `FK_216AE0F4B7970CF8` FOREIGN KEY (`artist_id`) REFERENCES `artist` (`id`) ON DELETE CASCADE;

--
-- Contraintes pour la table `technical_constraints_place`
--
ALTER TABLE `technical_constraints_place`
  ADD CONSTRAINT `FK_BA13743670B932D7` FOREIGN KEY (`technical_constraints_id`) REFERENCES `technical_constraints` (`id`) ON DELETE CASCADE,
  ADD CONSTRAINT `FK_BA137436DA6A219` FOREIGN KEY (`place_id`) REFERENCES `place` (`id`) ON DELETE CASCADE;

--
-- Contraintes pour la table `ticket`
--
ALTER TABLE `ticket`
  ADD CONSTRAINT `FK_97A0ADA3523FB688` FOREIGN KEY (`spectator_id`) REFERENCES `spectateur` (`id`),
  ADD CONSTRAINT `FK_97A0ADA383C97B2E` FOREIGN KEY (`concert_id`) REFERENCES `concert` (`id`),
  ADD CONSTRAINT `FK_97A0ADA3D614C7E7` FOREIGN KEY (`price_id`) REFERENCES `price` (`id`);
COMMIT;

/*!40101 SET CHARACTER_SET_CLIENT=@OLD_CHARACTER_SET_CLIENT */;
/*!40101 SET CHARACTER_SET_RESULTS=@OLD_CHARACTER_SET_RESULTS */;
/*!40101 SET COLLATION_CONNECTION=@OLD_COLLATION_CONNECTION */;